lang,translation,rule,reference,book_slug,book,book_zh,testament,chapter,verse,text
en,KJV,fear not,Genesis 15:1,genesis,Genesis,创世记,OT,15,1,"After these things the word of the LORD came unto Abram in a vision, saying, Fear not, Abram: I am thy shield, and thy exceeding great reward."
en,KJV,fear not,Genesis 21:17,genesis,Genesis,创世记,OT,21,17,"And God heard the voice of the lad; and the angel of God called to Hagar out of heaven, and said unto her, What aileth thee, Hagar? fear not; for God hath heard the voice of the lad where he is."
en,KJV,fear not,Genesis 26:24,genesis,Genesis,创世记,OT,26,24,"And the LORD appeared unto him the same night, and said, I am the God of Abraham thy father: fear not, for I am with thee, and will bless thee, and multiply thy seed for my servant Abraham’s sake."
en,KJV,fear not,Genesis 35:17,genesis,Genesis,创世记,OT,35,17,"And it came to pass, when she was in hard labour, that the midwife said unto her, Fear not; thou shalt have this son also."
en,KJV,fear not,Genesis 43:23,genesis,Genesis,创世记,OT,43,23,"And he said, Peace be to you, fear not: your God, and the God of your father, hath given you treasure in your sacks: I had your money. And he brought Simeon out unto them."
en,KJV,fear not,Genesis 46:3,genesis,Genesis,创世记,OT,46,3,"And he said, I am God, the God of thy father: fear not to go down into Egypt; for I will there make of thee a great nation:"
en,KJV,fear not,Genesis 50:19,genesis,Genesis,创世记,OT,50,19,"And Joseph said unto them, Fear not: for am I in the place of God?"
en,KJV,fear not,Exodus 20:20,exodus,Exodus,出埃及记,OT,20,20,"And Moses said unto the people, Fear not: for God is come to prove you, and that his fear may be before your faces, that ye sin not."
en,KJV,fear not,Deuteronomy 1:21,deuteronomy,Deuteronomy,申命记,OT,1,21,"Behold, the LORD thy God hath set the land before thee: go up and possess it, as the LORD God of thy fathers hath said unto thee; fear not, neither be discouraged."
en,KJV,fear not,Deuteronomy 20:3,deuteronomy,Deuteronomy,申命记,OT,20,3,"And shall say unto them, Hear, O Israel, ye approach this day unto battle against your enemies: let not your hearts faint, fear not, and do not tremble, neither be ye terrified because of them;"
en,KJV,fear not,Deuteronomy 31:6,deuteronomy,Deuteronomy,申命记,OT,31,6,"Be strong and of a good courage, fear not, nor be afraid of them: for the LORD thy God, he it is that doth go with thee; he will not fail thee, nor forsake thee."
en,KJV,fear not,Deuteronomy 31:8,deuteronomy,Deuteronomy,申命记,OT,31,8,"And the LORD, he it is that doth go before thee; he will be with thee, he will not fail thee, neither forsake thee: fear not, neither be dismayed."
en,KJV,fear not,Joshua 8:1,joshua,Joshua,约书亚记,OT,8,1,"And the LORD said unto Joshua, Fear not, neither be thou dismayed: take all the people of war with thee, and arise, go up to Ai: see, I have given into thy hand the king of Ai, and his people, and his city, and his land:"
en,KJV,fear not,Joshua 10:25,joshua,Joshua,约书亚记,OT,10,25,"And Joshua said unto them, Fear not, nor be dismayed, be strong and of good courage: for thus shall the LORD do to all your enemies against whom ye fight."
en,KJV,fear not,Judges 4:18,judges,Judges,士师记,OT,4,18,"And Jael went out to meet Sisera, and said unto him, Turn in, my lord, turn in to me; fear not. And when he had turned in unto her into the tent, she covered him with a mantle."
en,KJV,fear not,Judges 6:10,judges,Judges,士师记,OT,6,10,"And I said unto you, I am the LORD your God; fear not the gods of the Amorites, in whose land ye dwell: but ye have not obeyed my voice."
en,KJV,fear not,Judges 6:23,judges,Judges,士师记,OT,6,23,"And the LORD said unto him, Peace be unto thee; fear not: thou shalt not die."
en,KJV,fear not,Ruth 3:11,ruth,Ruth,路得记,OT,3,11,"And now, my daughter, fear not; I will do to thee all that thou requirest: for all the city of my people doth know that thou art a virtuous woman."
en,KJV,fear not,1 Samuel 4:20,1-samuel,1 Samuel,撒母耳记上,OT,4,20,"And about the time of her death the women that stood by her said unto her, Fear not; for thou hast born a son. But she answered not, neither did she regard it."
en,KJV,fear not,1 Samuel 12:20,1-samuel,1 Samuel,撒母耳记上,OT,12,20,"And Samuel said unto the people, Fear not: ye have done all this wickedness: yet turn not aside from following the LORD, but serve the LORD with all your heart;"
en,KJV,fear not,1 Samuel 22:23,1-samuel,1 Samuel,撒母耳记上,OT,22,23,"Abide thou with me, fear not: for he that seeketh my life seeketh thy life: but with me thou shalt be in safeguard."
en,KJV,fear not,1 Samuel 23:17,1-samuel,1 Samuel,撒母耳记上,OT,23,17,"And he said unto him, Fear not: for the hand of Saul my father shall not find thee; and thou shalt be king over Israel, and I shall be next unto thee; and that also Saul my father knoweth."
en,KJV,fear not,2 Samuel 9:7,2-samuel,2 Samuel,撒母耳记下,OT,9,7,"And David said unto him, Fear not: for I will surely shew thee kindness for Jonathan thy father’s sake, and will restore thee all the land of Saul thy father; and thou shalt eat bread at my table continually."
en,KJV,fear not,2 Samuel 13:28,2-samuel,2 Samuel,撒母耳记下,OT,13,28,"Now Absalom had commanded his servants, saying, Mark ye now when Amnon’s heart is merry with wine, and when I say unto you, Smite Amnon; then kill him, fear not: have not I commanded you? be courageous, and be valiant."
en,KJV,fear not,1 Kings 17:13,1-kings,1 Kings,列王纪上,OT,17,13,"And Elijah said unto her, Fear not; go and do as thou hast said: but make me thereof a little cake first, and bring it unto me, and after make for thee and for thy son."
en,KJV,fear not,2 Kings 6:16,2-kings,2 Kings,列王纪下,OT,6,16,"And he answered, Fear not: for they that be with us are more than they that be with them."
en,KJV,fear not,2 Kings 17:34,2-kings,2 Kings,列王纪下,OT,17,34,"Unto this day they do after the former manners: they fear not the LORD, neither do they after their statutes, or after their ordinances, or after the law and commandment which the LORD commanded the children of Jacob, whom he named Israel;"
en,KJV,fear not,2 Kings 25:24,2-kings,2 Kings,列王纪下,OT,25,24,"And Gedaliah sware to them, and to their men, and said unto them, Fear not to be the servants of the Chaldees: dwell in the land, and serve the king of Babylon; and it shall be well with you."
en,KJV,fear not,1 Chronicles 28:20,1-chronicles,1 Chronicles,历代志上,OT,28,20,"And David said to Solomon his son, Be strong and of good courage, and do it: fear not, nor be dismayed: for the LORD God, even my God, will be with thee; he will not fail thee, nor forsake thee, until thou hast finished all the work for the service of the house of the LORD."
en,KJV,fear not,2 Chronicles 20:17,2-chronicles,2 Chronicles,历代志下,OT,20,17,"Ye shall not need to fight in this battle: set yourselves, stand ye still, and see the salvation of the LORD with you, O Judah and Jerusalem: fear not, nor be dismayed; to morrow go out against them: for the LORD will be with you."
en,KJV,fear not,Psalms 55:19,psalms,Psalms,诗篇,OT,55,19,"God shall hear, and afflict them, even he that abideth of old. Selah. Because they have no changes, therefore they fear not God."
en,KJV,fear not,Psalms 64:4,psalms,Psalms,诗篇,OT,64,4,"That they may shoot in secret at the perfect: suddenly do they shoot at him, and fear not."
en,KJV,fear not,Isaiah 7:4,isaiah,Isaiah,以赛亚书,OT,7,4,"And say unto him, Take heed, and be quiet; fear not, neither be fainthearted for the two tails of these smoking firebrands, for the fierce anger of Rezin with Syria, and of the son of Remaliah."
en,KJV,fear not,Isaiah 35:4,isaiah,Isaiah,以赛亚书,OT,35,4,"Say to them that are of a fearful heart, Be strong, fear not: behold, your God will come with vengeance, even God with a recompence; he will come and save you."
en,KJV,fear not,Isaiah 41:13,isaiah,Isaiah,以赛亚书,OT,41,13,"For I the LORD thy God will hold thy right hand, saying unto thee, Fear not; I will help thee."
en,KJV,fear not,Isaiah 41:14,isaiah,Isaiah,以赛亚书,OT,41,14,"Fear not, thou worm Jacob, and ye men of Israel; I will help thee, saith the LORD, and thy redeemer, the Holy One of Israel."
en,KJV,fear not,Isaiah 43:1,isaiah,Isaiah,以赛亚书,OT,43,1,"But now thus saith the LORD that created thee, O Jacob, and he that formed thee, O Israel, Fear not: for I have redeemed thee, I have called thee by thy name; thou art mine."
en,KJV,fear not,Isaiah 43:5,isaiah,Isaiah,以赛亚书,OT,43,5,"Fear not: for I am with thee: I will bring thy seed from the east, and gather thee from the west;"
en,KJV,fear not,Isaiah 44:2,isaiah,Isaiah,以赛亚书,OT,44,2,"Thus saith the LORD that made thee, and formed thee from the womb, which will help thee; Fear not, O Jacob, my servant; and thou, Jesurun, whom I have chosen."
en,KJV,fear not,Isaiah 54:4,isaiah,Isaiah,以赛亚书,OT,54,4,"Fear not; for thou shalt not be ashamed: neither be thou confounded; for thou shalt not be put to shame: for thou shalt forget the shame of thy youth, and shalt not remember the reproach of thy widowhood any more."
en,KJV,fear not,Jeremiah 40:9,jeremiah,Jeremiah,耶利米书,OT,40,9,"And Gedaliah the son of Ahikam the son of Shaphan sware unto them and to their men, saying, Fear not to serve the Chaldeans: dwell in the land, and serve the king of Babylon, and it shall be well with you."
en,KJV,fear not,Jeremiah 46:27,jeremiah,Jeremiah,耶利米书,OT,46,27,"But fear not thou, O my servant Jacob, and be not dismayed, O Israel: for, behold, I will save thee from afar off, and thy seed from the land of their captivity; and Jacob shall return, and be in rest and at ease, and none shall make him afraid."
en,KJV,fear not,Lamentations 3:57,lamentations,Lamentations,耶利米哀歌,OT,3,57,"Thou drewest near in the day that I called upon thee: thou saidst, Fear not."
en,KJV,fear not,Daniel 10:12,daniel,Daniel,但以理书,OT,10,12,"Then said he unto me, Fear not, Daniel: for from the first day that thou didst set thine heart to understand, and to chasten thyself before thy God, thy words were heard, and I am come for thy words."
en,KJV,fear not,Daniel 10:19,daniel,Daniel,但以理书,OT,10,19,"And said, O man greatly beloved, fear not: peace be unto thee, be strong, yea, be strong. And when he had spoken unto me, I was strengthened, and said, Let my lord speak; for thou hast strengthened me."
en,KJV,fear not,Joel 2:21,joel,Joel,约珥书,OT,2,21,"Fear not, O land; be glad and rejoice: for the LORD will do great things."
en,KJV,fear not,Zechariah 8:13,zechariah,Zechariah,撒迦利亚书,OT,8,13,"And it shall come to pass, that as ye were a curse among the heathen, O house of Judah, and house of Israel; so will I save you, and ye shall be a blessing: fear not, but let your hands be strong."
en,KJV,fear not,Malachi 3:5,malachi,Malachi,玛拉基书,OT,3,5,"And I will come near to you to judgment; and I will be a swift witness against the sorcerers, and against the adulterers, and against false swearers, and against those that oppress the hireling in his wages, the widow, and the fatherless, and that turn aside the stranger from his right, and fear not me, saith the LORD of hosts."
en,KJV,fear not,Matthew 1:20,matthew,Matthew,马太福音,NT,1,20,"But while he thought on these things, behold, the angel of the LORD appeared unto him in a dream, saying, Joseph, thou son of David, fear not to take unto thee Mary thy wife: for that which is conceived in her is of the Holy Ghost."
en,KJV,fear not,Matthew 10:28,matthew,Matthew,马太福音,NT,10,28,"And fear not them which kill the body, but are not able to kill the soul: but rather fear him which is able to destroy both soul and body in hell."
en,KJV,fear not,Matthew 28:5,matthew,Matthew,马太福音,NT,28,5,"And the angel answered and said unto the women, Fear not ye: for I know that ye seek Jesus, which was crucified."
en,KJV,fear not,Luke 1:13,luke,Luke,路加福音,NT,1,13,"But the angel said unto him, Fear not, Zacharias: for thy prayer is heard; and thy wife Elisabeth shall bear thee a son, and thou shalt call his name John."
en,KJV,fear not,Luke 1:30,luke,Luke,路加福音,NT,1,30,"And the angel said unto her, Fear not, Mary: for thou hast found favour with God."
en,KJV,fear not,Luke 2:10,luke,Luke,路加福音,NT,2,10,"And the angel said unto them, Fear not: for, behold, I bring you good tidings of great joy, which shall be to all people."
en,KJV,fear not,Luke 5:10,luke,Luke,路加福音,NT,5,10,"And so was also James, and John, the sons of Zebedee, which were partners with Simon. And Jesus said unto Simon, Fear not; from henceforth thou shalt catch men."
en,KJV,fear not,Luke 8:50,luke,Luke,路加福音,NT,8,50,"But when Jesus heard it, he answered him, saying, Fear not: believe only, and she shall be made whole."
en,KJV,fear not,Luke 12:7,luke,Luke,路加福音,NT,12,7,But even the very hairs of your head are all numbered. Fear not therefore: ye are of more value than many sparrows.
en,KJV,fear not,Luke 12:32,luke,Luke,路加福音,NT,12,32,"Fear not, little flock; for it is your Father’s good pleasure to give you the kingdom."
en,KJV,fear not,Luke 18:4,luke,Luke,路加福音,NT,18,4,"And he would not for a while: but afterward he said within himself, Though I fear not God, nor regard man;"
en,KJV,fear not,John 12:15,john,John,约翰福音,NT,12,15,"Fear not, daughter of Sion: behold, thy King cometh, sitting on an ass’s colt."
en,KJV,fear not,Acts 27:24,acts,Acts,使徒行传,NT,27,24,"Saying, Fear not, Paul; thou must be brought before Caesar: and, lo, God hath given thee all them that sail with thee."
en,KJV,fear not,Revelation 1:17,revelation,Revelation,启示录,NT,1,17,"And when I saw him, I fell at his feet as dead. And he laid his right hand upon me, saying unto me, Fear not; I am the first and the last:"
en,KJV,be not afraid,Deuteronomy 20:1,deuteronomy,Deuteronomy,申命记,OT,20,1,"When thou goest out to battle against thine enemies, and seest horses, and chariots, and a people more than thou, be not afraid of them: for the LORD thy God is with thee, which brought thee up out of the land of Egypt."
en,KJV,be not afraid,Joshua 1:9,joshua,Joshua,约书亚记,OT,1,9,"Have not I commanded thee? Be strong and of a good courage; be not afraid, neither be thou dismayed: for the LORD thy God is with thee whithersoever thou goest."
en,KJV,be not afraid,Joshua 11:6,joshua,Joshua,约书亚记,OT,11,6,"And the LORD said unto Joshua, Be not afraid because of them: for to morrow about this time will I deliver them up all slain before Israel: thou shalt hough their horses, and burn their chariots with fire."
en,KJV,be not afraid,1 Samuel 28:13,1-samuel,1 Samuel,撒母耳记上,OT,28,13,"And the king said unto her, Be not afraid: for what sawest thou? And the woman said unto Saul, I saw gods ascending out of the earth."
en,KJV,be not afraid,2 Kings 1:15,2-kings,2 Kings,列王纪下,OT,1,15,"And the angel of the LORD said unto Elijah, Go down with him: be not afraid of him. And he arose, and went down with him unto the king."
en,KJV,be not afraid,2 Kings 19:6,2-kings,2 Kings,列王纪下,OT,19,6,"And Isaiah said unto them, Thus shall ye say to your master, Thus saith the LORD, Be not afraid of the words which thou hast heard, with which the servants of the king of Assyria have blasphemed me."
en,KJV,be not afraid,2 Chronicles 20:15,2-chronicles,2 Chronicles,历代志下,OT,20,15,"And he said, Hearken ye, all Judah, and ye inhabitants of Jerusalem, and thou king Jehoshaphat, Thus saith the LORD unto you, Be not afraid nor dismayed by reason of this great multitude; for the battle is not yours, but God’s."
en,KJV,be not afraid,2 Chronicles 32:7,2-chronicles,2 Chronicles,历代志下,OT,32,7,"Be strong and courageous, be not afraid nor dismayed for the king of Assyria, nor for all the multitude that is with him: for there be more with us than with him:"
en,KJV,be not afraid,Proverbs 3:25,proverbs,Proverbs,箴言,OT,3,25,"Be not afraid of sudden fear, neither of the desolation of the wicked, when it cometh."
en,KJV,be not afraid,Isaiah 10:24,isaiah,Isaiah,以赛亚书,OT,10,24,"Therefore thus saith the Lord GOD of hosts, O my people that dwellest in Zion, be not afraid of the Assyrian: he shall smite thee with a rod, and shall lift up his staff against thee, after the manner of Egypt."
en,KJV,be not afraid,Isaiah 37:6,isaiah,Isaiah,以赛亚书,OT,37,6,"And Isaiah said unto them, Thus shall ye say unto your master, Thus saith the LORD, Be not afraid of the words that thou hast heard, wherewith the servants of the king of Assyria have blasphemed me."
en,KJV,be not afraid,Isaiah 40:9,isaiah,Isaiah,以赛亚书,OT,40,9,"O Zion, that bringest good tidings, get thee up into the high mountain; O Jerusalem, that bringest good tidings, lift up thy voice with strength; lift it up, be not afraid; say unto the cities of Judah, Behold your God!"
en,KJV,be not afraid,Jeremiah 1:8,jeremiah,Jeremiah,耶利米书,OT,1,8,"Be not afraid of their faces: for I am with thee to deliver thee, saith the LORD."
en,KJV,be not afraid,Jeremiah 10:5,jeremiah,Jeremiah,耶利米书,OT,10,5,"They are upright as the palm tree, but speak not: they must needs be borne, because they cannot go. Be not afraid of them; for they cannot do evil, neither also is it in them to do good."
en,KJV,be not afraid,Jeremiah 42:11,jeremiah,Jeremiah,耶利米书,OT,42,11,"Be not afraid of the king of Babylon, of whom ye are afraid; be not afraid of him, saith the LORD: for I am with you to save you, and to deliver you from his hand."
en,KJV,be not afraid,Ezekiel 2:6,ezekiel,Ezekiel,以西结书,OT,2,6,"And thou, son of man, be not afraid of them, neither be afraid of their words, though briers and thorns be with thee, and thou dost dwell among scorpions: be not afraid of their words, nor be dismayed at their looks, though they be a rebellious house."
en,KJV,be not afraid,Joel 2:22,joel,Joel,约珥书,OT,2,22,"Be not afraid, ye beasts of the field: for the pastures of the wilderness do spring, for the tree beareth her fruit, the fig tree and the vine do yield their strength."
en,KJV,be not afraid,Matthew 14:27,matthew,Matthew,马太福音,NT,14,27,"But straightway Jesus spake unto them, saying, Be of good cheer; it is I; be not afraid."
en,KJV,be not afraid,Matthew 17:7,matthew,Matthew,马太福音,NT,17,7,"And Jesus came and touched them, and said, Arise, and be not afraid."
en,KJV,be not afraid,Matthew 28:10,matthew,Matthew,马太福音,NT,28,10,"Then said Jesus unto them, Be not afraid: go tell my brethren that they go into Galilee, and there shall they see me."
en,KJV,be not afraid,Mark 5:36,mark,Mark,马可福音,NT,5,36,"As soon as Jesus heard the word that was spoken, he saith unto the ruler of the synagogue, Be not afraid, only believe."
en,KJV,be not afraid,Mark 6:50,mark,Mark,马可福音,NT,6,50,"For they all saw him, and were troubled. And immediately he talked with them, and saith unto them, Be of good cheer: it is I; be not afraid."
en,KJV,be not afraid,Luke 12:4,luke,Luke,路加福音,NT,12,4,"And I say unto you my friends, Be not afraid of them that kill the body, and after that have no more that they can do."
en,KJV,be not afraid,John 6:20,john,John,约翰福音,NT,6,20,"But he saith unto them, It is I; be not afraid."
en,KJV,be not afraid,Acts 18:9,acts,Acts,使徒行传,NT,18,9,"Then spake the Lord to Paul in the night by a vision, Be not afraid, but speak, and hold not thy peace:"
en,KJV,be not afraid,1 Peter 3:14,1-peter,1 Peter,彼得前书,NT,3,14,"But and if ye suffer for righteousness’ sake, happy are ye: and be not afraid of their terror, neither be troubled;"
en,KJV,fear thou not,Isaiah 41:10,isaiah,Isaiah,以赛亚书,OT,41,10,"Fear thou not; for I am with thee: be not dismayed; for I am thy God: I will strengthen thee; yea, I will help thee; yea, I will uphold thee with the right hand of my righteousness."
en,KJV,fear thou not,Jeremiah 30:10,jeremiah,Jeremiah,耶利米书,OT,30,10,"Therefore fear thou not, O my servant Jacob, saith the LORD; neither be dismayed, O Israel: for, lo, I will save thee from afar, and thy seed from the land of their captivity; and Jacob shall return, and shall be in rest, and be quiet, and none shall make him afraid."
en,KJV,fear thou not,Jeremiah 46:28,jeremiah,Jeremiah,耶利米书,OT,46,28,"Fear thou not, O Jacob my servant, saith the LORD: for I am with thee; for I will make a full end of all the nations whither I have driven thee: but I will not make a full end of thee, but correct thee in measure; yet will I not leave thee wholly unpunished."
en,KJV,fear thou not,Zephaniah 3:16,zephaniah,Zephaniah,西番雅书,OT,3,16,"In that day it shall be said to Jerusalem, Fear thou not: and to Zion, Let not thine hands be slack."
en,KJV,be not dismayed,Isaiah 41:10,isaiah,Isaiah,以赛亚书,OT,41,10,"Fear thou not; for I am with thee: be not dismayed; for I am thy God: I will strengthen thee; yea, I will help thee; yea, I will uphold thee with the right hand of my righteousness."
en,KJV,be not dismayed,Jeremiah 1:17,jeremiah,Jeremiah,耶利米书,OT,1,17,"Thou therefore gird up thy loins, and arise, and speak unto them all that I command thee: be not dismayed at their faces, lest I confound thee before them."
en,KJV,be not dismayed,Jeremiah 10:2,jeremiah,Jeremiah,耶利米书,OT,10,2,"Thus saith the LORD, Learn not the way of the heathen, and be not dismayed at the signs of heaven; for the heathen are dismayed at them."
en,KJV,be not dismayed,Jeremiah 46:27,jeremiah,Jeremiah,耶利米书,OT,46,27,"But fear not thou, O my servant Jacob, and be not dismayed, O Israel: for, behold, I will save thee from afar off, and thy seed from the land of their captivity; and Jacob shall return, and be in rest and at ease, and none shall make him afraid."
en,KJV,feared not / feareth not (inflected),Deuteronomy 25:18,deuteronomy,Deuteronomy,申命记,OT,25,18,"How he met thee by the way, and smote the hindmost of thee, even all that were feeble behind thee, when thou wast faint and weary; and he feared not God."
en,KJV,feared not / feareth not (inflected),Deuteronomy 32:17,deuteronomy,Deuteronomy,申命记,OT,32,17,"They sacrificed unto devils, not to God; to gods whom they knew not, to new gods that came newly up, whom your fathers feared not."
en,KJV,feared not / feareth not (inflected),2 Kings 17:25,2-kings,2 Kings,列王纪下,OT,17,25,"And so it was at the beginning of their dwelling there, that they feared not the LORD: therefore the LORD sent lions among them, which slew some of them."
en,KJV,feared not / feareth not (inflected),Psalms 78:53,psalms,Psalms,诗篇,OT,78,53,"And he led them on safely, so that they feared not: but the sea overwhelmed their enemies."
en,KJV,feared not / feareth not (inflected),Ecclesiastes 8:13,ecclesiastes,Ecclesiastes,传道书,OT,8,13,"But it shall not be well with the wicked, neither shall he prolong his days, which are as a shadow; because he feareth not before God."
en,KJV,feared not / feareth not (inflected),Jeremiah 3:8,jeremiah,Jeremiah,耶利米书,OT,3,8,"And I saw, when for all the causes whereby backsliding Israel committed adultery I had put her away, and given her a bill of divorce; yet her treacherous sister Judah feared not, but went and played the harlot also."
en,KJV,feared not / feareth not (inflected),Hosea 10:3,hosea,Hosea,何西阿书,OT,10,3,"For now they shall say, We have no king, because we feared not the LORD; what then should a king do to us?"
en,KJV,feared not / feareth not (inflected),Luke 18:2,luke,Luke,路加福音,NT,18,2,"Saying, There was in a city a judge, which feared not God, neither regarded man:"
en,KJV,fear not OR be not afraid,1 Chronicles 28:20,1-chronicles,1 Chronicles,历代志上,OT,28,20,"And David said to Solomon his son, Be strong and of good courage, and do it: fear not, nor be dismayed: for the LORD God, even my God, will be with thee; he will not fail thee, nor forsake thee, until thou hast finished all the work for the service of the house of the LORD."
en,KJV,fear not OR be not afraid,1 Kings 17:13,1-kings,1 Kings,列王纪上,OT,17,13,"And Elijah said unto her, Fear not; go and do as thou hast said: but make me thereof a little cake first, and bring it unto me, and after make for thee and for thy son."
en,KJV,fear not OR be not afraid,1 Peter 3:14,1-peter,1 Peter,彼得前书,NT,3,14,"But and if ye suffer for righteousness’ sake, happy are ye: and be not afraid of their terror, neither be troubled;"
en,KJV,fear not OR be not afraid,1 Samuel 12:20,1-samuel,1 Samuel,撒母耳记上,OT,12,20,"And Samuel said unto the people, Fear not: ye have done all this wickedness: yet turn not aside from following the LORD, but serve the LORD with all your heart;"
en,KJV,fear not OR be not afraid,1 Samuel 22:23,1-samuel,1 Samuel,撒母耳记上,OT,22,23,"Abide thou with me, fear not: for he that seeketh my life seeketh thy life: but with me thou shalt be in safeguard."
en,KJV,fear not OR be not afraid,1 Samuel 23:17,1-samuel,1 Samuel,撒母耳记上,OT,23,17,"And he said unto him, Fear not: for the hand of Saul my father shall not find thee; and thou shalt be king over Israel, and I shall be next unto thee; and that also Saul my father knoweth."
en,KJV,fear not OR be not afraid,1 Samuel 28:13,1-samuel,1 Samuel,撒母耳记上,OT,28,13,"And the king said unto her, Be not afraid: for what sawest thou? And the woman said unto Saul, I saw gods ascending out of the earth."
en,KJV,fear not OR be not afraid,1 Samuel 4:20,1-samuel,1 Samuel,撒母耳记上,OT,4,20,"And about the time of her death the women that stood by her said unto her, Fear not; for thou hast born a son. But she answered not, neither did she regard it."
en,KJV,fear not OR be not afraid,2 Chronicles 20:15,2-chronicles,2 Chronicles,历代志下,OT,20,15,"And he said, Hearken ye, all Judah, and ye inhabitants of Jerusalem, and thou king Jehoshaphat, Thus saith the LORD unto you, Be not afraid nor dismayed by reason of this great multitude; for the battle is not yours, but God’s."
en,KJV,fear not OR be not afraid,2 Chronicles 20:17,2-chronicles,2 Chronicles,历代志下,OT,20,17,"Ye shall not need to fight in this battle: set yourselves, stand ye still, and see the salvation of the LORD with you, O Judah and Jerusalem: fear not, nor be dismayed; to morrow go out against them: for the LORD will be with you."
en,KJV,fear not OR be not afraid,2 Chronicles 32:7,2-chronicles,2 Chronicles,历代志下,OT,32,7,"Be strong and courageous, be not afraid nor dismayed for the king of Assyria, nor for all the multitude that is with him: for there be more with us than with him:"
en,KJV,fear not OR be not afraid,2 Kings 1:15,2-kings,2 Kings,列王纪下,OT,1,15,"And the angel of the LORD said unto Elijah, Go down with him: be not afraid of him. And he arose, and went down with him unto the king."
en,KJV,fear not OR be not afraid,2 Kings 17:34,2-kings,2 Kings,列王纪下,OT,17,34,"Unto this day they do after the former manners: they fear not the LORD, neither do they after their statutes, or after their ordinances, or after the law and commandment which the LORD commanded the children of Jacob, whom he named Israel;"
en,KJV,fear not OR be not afraid,2 Kings 19:6,2-kings,2 Kings,列王纪下,OT,19,6,"And Isaiah said unto them, Thus shall ye say to your master, Thus saith the LORD, Be not afraid of the words which thou hast heard, with which the servants of the king of Assyria have blasphemed me."
en,KJV,fear not OR be not afraid,2 Kings 25:24,2-kings,2 Kings,列王纪下,OT,25,24,"And Gedaliah sware to them, and to their men, and said unto them, Fear not to be the servants of the Chaldees: dwell in the land, and serve the king of Babylon; and it shall be well with you."
en,KJV,fear not OR be not afraid,2 Kings 6:16,2-kings,2 Kings,列王纪下,OT,6,16,"And he answered, Fear not: for they that be with us are more than they that be with them."
en,KJV,fear not OR be not afraid,2 Samuel 13:28,2-samuel,2 Samuel,撒母耳记下,OT,13,28,"Now Absalom had commanded his servants, saying, Mark ye now when Amnon’s heart is merry with wine, and when I say unto you, Smite Amnon; then kill him, fear not: have not I commanded you? be courageous, and be valiant."
en,KJV,fear not OR be not afraid,2 Samuel 9:7,2-samuel,2 Samuel,撒母耳记下,OT,9,7,"And David said unto him, Fear not: for I will surely shew thee kindness for Jonathan thy father’s sake, and will restore thee all the land of Saul thy father; and thou shalt eat bread at my table continually."
en,KJV,fear not OR be not afraid,Acts 18:9,acts,Acts,使徒行传,NT,18,9,"Then spake the Lord to Paul in the night by a vision, Be not afraid, but speak, and hold not thy peace:"
en,KJV,fear not OR be not afraid,Acts 27:24,acts,Acts,使徒行传,NT,27,24,"Saying, Fear not, Paul; thou must be brought before Caesar: and, lo, God hath given thee all them that sail with thee."
en,KJV,fear not OR be not afraid,Daniel 10:12,daniel,Daniel,但以理书,OT,10,12,"Then said he unto me, Fear not, Daniel: for from the first day that thou didst set thine heart to understand, and to chasten thyself before thy God, thy words were heard, and I am come for thy words."
en,KJV,fear not OR be not afraid,Daniel 10:19,daniel,Daniel,但以理书,OT,10,19,"And said, O man greatly beloved, fear not: peace be unto thee, be strong, yea, be strong. And when he had spoken unto me, I was strengthened, and said, Let my lord speak; for thou hast strengthened me."
en,KJV,fear not OR be not afraid,Deuteronomy 1:21,deuteronomy,Deuteronomy,申命记,OT,1,21,"Behold, the LORD thy God hath set the land before thee: go up and possess it, as the LORD God of thy fathers hath said unto thee; fear not, neither be discouraged."
en,KJV,fear not OR be not afraid,Deuteronomy 20:1,deuteronomy,Deuteronomy,申命记,OT,20,1,"When thou goest out to battle against thine enemies, and seest horses, and chariots, and a people more than thou, be not afraid of them: for the LORD thy God is with thee, which brought thee up out of the land of Egypt."
en,KJV,fear not OR be not afraid,Deuteronomy 20:3,deuteronomy,Deuteronomy,申命记,OT,20,3,"And shall say unto them, Hear, O Israel, ye approach this day unto battle against your enemies: let not your hearts faint, fear not, and do not tremble, neither be ye terrified because of them;"
en,KJV,fear not OR be not afraid,Deuteronomy 31:6,deuteronomy,Deuteronomy,申命记,OT,31,6,"Be strong and of a good courage, fear not, nor be afraid of them: for the LORD thy God, he it is that doth go with thee; he will not fail thee, nor forsake thee."
en,KJV,fear not OR be not afraid,Deuteronomy 31:8,deuteronomy,Deuteronomy,申命记,OT,31,8,"And the LORD, he it is that doth go before thee; he will be with thee, he will not fail thee, neither forsake thee: fear not, neither be dismayed."
en,KJV,fear not OR be not afraid,Exodus 20:20,exodus,Exodus,出埃及记,OT,20,20,"And Moses said unto the people, Fear not: for God is come to prove you, and that his fear may be before your faces, that ye sin not."
en,KJV,fear not OR be not afraid,Ezekiel 2:6,ezekiel,Ezekiel,以西结书,OT,2,6,"And thou, son of man, be not afraid of them, neither be afraid of their words, though briers and thorns be with thee, and thou dost dwell among scorpions: be not afraid of their words, nor be dismayed at their looks, though they be a rebellious house."
en,KJV,fear not OR be not afraid,Genesis 15:1,genesis,Genesis,创世记,OT,15,1,"After these things the word of the LORD came unto Abram in a vision, saying, Fear not, Abram: I am thy shield, and thy exceeding great reward."
en,KJV,fear not OR be not afraid,Genesis 21:17,genesis,Genesis,创世记,OT,21,17,"And God heard the voice of the lad; and the angel of God called to Hagar out of heaven, and said unto her, What aileth thee, Hagar? fear not; for God hath heard the voice of the lad where he is."
en,KJV,fear not OR be not afraid,Genesis 26:24,genesis,Genesis,创世记,OT,26,24,"And the LORD appeared unto him the same night, and said, I am the God of Abraham thy father: fear not, for I am with thee, and will bless thee, and multiply thy seed for my servant Abraham’s sake."
en,KJV,fear not OR be not afraid,Genesis 35:17,genesis,Genesis,创世记,OT,35,17,"And it came to pass, when she was in hard labour, that the midwife said unto her, Fear not; thou shalt have this son also."
en,KJV,fear not OR be not afraid,Genesis 43:23,genesis,Genesis,创世记,OT,43,23,"And he said, Peace be to you, fear not: your God, and the God of your father, hath given you treasure in your sacks: I had your money. And he brought Simeon out unto them."
en,KJV,fear not OR be not afraid,Genesis 46:3,genesis,Genesis,创世记,OT,46,3,"And he said, I am God, the God of thy father: fear not to go down into Egypt; for I will there make of thee a great nation:"
en,KJV,fear not OR be not afraid,Genesis 50:19,genesis,Genesis,创世记,OT,50,19,"And Joseph said unto them, Fear not: for am I in the place of God?"
en,KJV,fear not OR be not afraid,Isaiah 10:24,isaiah,Isaiah,以赛亚书,OT,10,24,"Therefore thus saith the Lord GOD of hosts, O my people that dwellest in Zion, be not afraid of the Assyrian: he shall smite thee with a rod, and shall lift up his staff against thee, after the manner of Egypt."
en,KJV,fear not OR be not afraid,Isaiah 35:4,isaiah,Isaiah,以赛亚书,OT,35,4,"Say to them that are of a fearful heart, Be strong, fear not: behold, your God will come with vengeance, even God with a recompence; he will come and save you."
en,KJV,fear not OR be not afraid,Isaiah 37:6,isaiah,Isaiah,以赛亚书,OT,37,6,"And Isaiah said unto them, Thus shall ye say unto your master, Thus saith the LORD, Be not afraid of the words that thou hast heard, wherewith the servants of the king of Assyria have blasphemed me."
en,KJV,fear not OR be not afraid,Isaiah 40:9,isaiah,Isaiah,以赛亚书,OT,40,9,"O Zion, that bringest good tidings, get thee up into the high mountain; O Jerusalem, that bringest good tidings, lift up thy voice with strength; lift it up, be not afraid; say unto the cities of Judah, Behold your God!"
en,KJV,fear not OR be not afraid,Isaiah 41:13,isaiah,Isaiah,以赛亚书,OT,41,13,"For I the LORD thy God will hold thy right hand, saying unto thee, Fear not; I will help thee."
en,KJV,fear not OR be not afraid,Isaiah 41:14,isaiah,Isaiah,以赛亚书,OT,41,14,"Fear not, thou worm Jacob, and ye men of Israel; I will help thee, saith the LORD, and thy redeemer, the Holy One of Israel."
en,KJV,fear not OR be not afraid,Isaiah 43:1,isaiah,Isaiah,以赛亚书,OT,43,1,"But now thus saith the LORD that created thee, O Jacob, and he that formed thee, O Israel, Fear not: for I have redeemed thee, I have called thee by thy name; thou art mine."
en,KJV,fear not OR be not afraid,Isaiah 43:5,isaiah,Isaiah,以赛亚书,OT,43,5,"Fear not: for I am with thee: I will bring thy seed from the east, and gather thee from the west;"
en,KJV,fear not OR be not afraid,Isaiah 44:2,isaiah,Isaiah,以赛亚书,OT,44,2,"Thus saith the LORD that made thee, and formed thee from the womb, which will help thee; Fear not, O Jacob, my servant; and thou, Jesurun, whom I have chosen."
en,KJV,fear not OR be not afraid,Isaiah 54:4,isaiah,Isaiah,以赛亚书,OT,54,4,"Fear not; for thou shalt not be ashamed: neither be thou confounded; for thou shalt not be put to shame: for thou shalt forget the shame of thy youth, and shalt not remember the reproach of thy widowhood any more."
en,KJV,fear not OR be not afraid,Isaiah 7:4,isaiah,Isaiah,以赛亚书,OT,7,4,"And say unto him, Take heed, and be quiet; fear not, neither be fainthearted for the two tails of these smoking firebrands, for the fierce anger of Rezin with Syria, and of the son of Remaliah."
en,KJV,fear not OR be not afraid,Jeremiah 1:8,jeremiah,Jeremiah,耶利米书,OT,1,8,"Be not afraid of their faces: for I am with thee to deliver thee, saith the LORD."
en,KJV,fear not OR be not afraid,Jeremiah 10:5,jeremiah,Jeremiah,耶利米书,OT,10,5,"They are upright as the palm tree, but speak not: they must needs be borne, because they cannot go. Be not afraid of them; for they cannot do evil, neither also is it in them to do good."
en,KJV,fear not OR be not afraid,Jeremiah 40:9,jeremiah,Jeremiah,耶利米书,OT,40,9,"And Gedaliah the son of Ahikam the son of Shaphan sware unto them and to their men, saying, Fear not to serve the Chaldeans: dwell in the land, and serve the king of Babylon, and it shall be well with you."
en,KJV,fear not OR be not afraid,Jeremiah 42:11,jeremiah,Jeremiah,耶利米书,OT,42,11,"Be not afraid of the king of Babylon, of whom ye are afraid; be not afraid of him, saith the LORD: for I am with you to save you, and to deliver you from his hand."
en,KJV,fear not OR be not afraid,Jeremiah 46:27,jeremiah,Jeremiah,耶利米书,OT,46,27,"But fear not thou, O my servant Jacob, and be not dismayed, O Israel: for, behold, I will save thee from afar off, and thy seed from the land of their captivity; and Jacob shall return, and be in rest and at ease, and none shall make him afraid."
en,KJV,fear not OR be not afraid,Joel 2:21,joel,Joel,约珥书,OT,2,21,"Fear not, O land; be glad and rejoice: for the LORD will do great things."
en,KJV,fear not OR be not afraid,Joel 2:22,joel,Joel,约珥书,OT,2,22,"Be not afraid, ye beasts of the field: for the pastures of the wilderness do spring, for the tree beareth her fruit, the fig tree and the vine do yield their strength."
en,KJV,fear not OR be not afraid,John 12:15,john,John,约翰福音,NT,12,15,"Fear not, daughter of Sion: behold, thy King cometh, sitting on an ass’s colt."
en,KJV,fear not OR be not afraid,John 6:20,john,John,约翰福音,NT,6,20,"But he saith unto them, It is I; be not afraid."
en,KJV,fear not OR be not afraid,Joshua 1:9,joshua,Joshua,约书亚记,OT,1,9,"Have not I commanded thee? Be strong and of a good courage; be not afraid, neither be thou dismayed: for the LORD thy God is with thee whithersoever thou goest."
en,KJV,fear not OR be not afraid,Joshua 10:25,joshua,Joshua,约书亚记,OT,10,25,"And Joshua said unto them, Fear not, nor be dismayed, be strong and of good courage: for thus shall the LORD do to all your enemies against whom ye fight."
en,KJV,fear not OR be not afraid,Joshua 11:6,joshua,Joshua,约书亚记,OT,11,6,"And the LORD said unto Joshua, Be not afraid because of them: for to morrow about this time will I deliver them up all slain before Israel: thou shalt hough their horses, and burn their chariots with fire."
en,KJV,fear not OR be not afraid,Joshua 8:1,joshua,Joshua,约书亚记,OT,8,1,"And the LORD said unto Joshua, Fear not, neither be thou dismayed: take all the people of war with thee, and arise, go up to Ai: see, I have given into thy hand the king of Ai, and his people, and his city, and his land:"
en,KJV,fear not OR be not afraid,Judges 4:18,judges,Judges,士师记,OT,4,18,"And Jael went out to meet Sisera, and said unto him, Turn in, my lord, turn in to me; fear not. And when he had turned in unto her into the tent, she covered him with a mantle."
en,KJV,fear not OR be not afraid,Judges 6:10,judges,Judges,士师记,OT,6,10,"And I said unto you, I am the LORD your God; fear not the gods of the Amorites, in whose land ye dwell: but ye have not obeyed my voice."
en,KJV,fear not OR be not afraid,Judges 6:23,judges,Judges,士师记,OT,6,23,"And the LORD said unto him, Peace be unto thee; fear not: thou shalt not die."
en,KJV,fear not OR be not afraid,Lamentations 3:57,lamentations,Lamentations,耶利米哀歌,OT,3,57,"Thou drewest near in the day that I called upon thee: thou saidst, Fear not."
en,KJV,fear not OR be not afraid,Luke 1:13,luke,Luke,路加福音,NT,1,13,"But the angel said unto him, Fear not, Zacharias: for thy prayer is heard; and thy wife Elisabeth shall bear thee a son, and thou shalt call his name John."
en,KJV,fear not OR be not afraid,Luke 1:30,luke,Luke,路加福音,NT,1,30,"And the angel said unto her, Fear not, Mary: for thou hast found favour with God."
en,KJV,fear not OR be not afraid,Luke 12:32,luke,Luke,路加福音,NT,12,32,"Fear not, little flock; for it is your Father’s good pleasure to give you the kingdom."
en,KJV,fear not OR be not afraid,Luke 12:4,luke,Luke,路加福音,NT,12,4,"And I say unto you my friends, Be not afraid of them that kill the body, and after that have no more that they can do."
en,KJV,fear not OR be not afraid,Luke 12:7,luke,Luke,路加福音,NT,12,7,But even the very hairs of your head are all numbered. Fear not therefore: ye are of more value than many sparrows.
en,KJV,fear not OR be not afraid,Luke 18:4,luke,Luke,路加福音,NT,18,4,"And he would not for a while: but afterward he said within himself, Though I fear not God, nor regard man;"
en,KJV,fear not OR be not afraid,Luke 2:10,luke,Luke,路加福音,NT,2,10,"And the angel said unto them, Fear not: for, behold, I bring you good tidings of great joy, which shall be to all people."
en,KJV,fear not OR be not afraid,Luke 5:10,luke,Luke,路加福音,NT,5,10,"And so was also James, and John, the sons of Zebedee, which were partners with Simon. And Jesus said unto Simon, Fear not; from henceforth thou shalt catch men."
en,KJV,fear not OR be not afraid,Luke 8:50,luke,Luke,路加福音,NT,8,50,"But when Jesus heard it, he answered him, saying, Fear not: believe only, and she shall be made whole."
en,KJV,fear not OR be not afraid,Malachi 3:5,malachi,Malachi,玛拉基书,OT,3,5,"And I will come near to you to judgment; and I will be a swift witness against the sorcerers, and against the adulterers, and against false swearers, and against those that oppress the hireling in his wages, the widow, and the fatherless, and that turn aside the stranger from his right, and fear not me, saith the LORD of hosts."
en,KJV,fear not OR be not afraid,Mark 5:36,mark,Mark,马可福音,NT,5,36,"As soon as Jesus heard the word that was spoken, he saith unto the ruler of the synagogue, Be not afraid, only believe."
en,KJV,fear not OR be not afraid,Mark 6:50,mark,Mark,马可福音,NT,6,50,"For they all saw him, and were troubled. And immediately he talked with them, and saith unto them, Be of good cheer: it is I; be not afraid."
en,KJV,fear not OR be not afraid,Matthew 1:20,matthew,Matthew,马太福音,NT,1,20,"But while he thought on these things, behold, the angel of the LORD appeared unto him in a dream, saying, Joseph, thou son of David, fear not to take unto thee Mary thy wife: for that which is conceived in her is of the Holy Ghost."
en,KJV,fear not OR be not afraid,Matthew 10:28,matthew,Matthew,马太福音,NT,10,28,"And fear not them which kill the body, but are not able to kill the soul: but rather fear him which is able to destroy both soul and body in hell."
en,KJV,fear not OR be not afraid,Matthew 14:27,matthew,Matthew,马太福音,NT,14,27,"But straightway Jesus spake unto them, saying, Be of good cheer; it is I; be not afraid."
en,KJV,fear not OR be not afraid,Matthew 17:7,matthew,Matthew,马太福音,NT,17,7,"And Jesus came and touched them, and said, Arise, and be not afraid."
en,KJV,fear not OR be not afraid,Matthew 28:10,matthew,Matthew,马太福音,NT,28,10,"Then said Jesus unto them, Be not afraid: go tell my brethren that they go into Galilee, and there shall they see me."
en,KJV,fear not OR be not afraid,Matthew 28:5,matthew,Matthew,马太福音,NT,28,5,"And the angel answered and said unto the women, Fear not ye: for I know that ye seek Jesus, which was crucified."
en,KJV,fear not OR be not afraid,Proverbs 3:25,proverbs,Proverbs,箴言,OT,3,25,"Be not afraid of sudden fear, neither of the desolation of the wicked, when it cometh."
en,KJV,fear not OR be not afraid,Psalms 55:19,psalms,Psalms,诗篇,OT,55,19,"God shall hear, and afflict them, even he that abideth of old. Selah. Because they have no changes, therefore they fear not God."
en,KJV,fear not OR be not afraid,Psalms 64:4,psalms,Psalms,诗篇,OT,64,4,"That they may shoot in secret at the perfect: suddenly do they shoot at him, and fear not."
en,KJV,fear not OR be not afraid,Revelation 1:17,revelation,Revelation,启示录,NT,1,17,"And when I saw him, I fell at his feet as dead. And he laid his right hand upon me, saying unto me, Fear not; I am the first and the last:"
en,KJV,fear not OR be not afraid,Ruth 3:11,ruth,Ruth,路得记,OT,3,11,"And now, my daughter, fear not; I will do to thee all that thou requirest: for all the city of my people doth know that thou art a virtuous woman."
en,KJV,fear not OR be not afraid,Zechariah 8:13,zechariah,Zechariah,撒迦利亚书,OT,8,13,"And it shall come to pass, that as ye were a curse among the heathen, O house of Judah, and house of Israel; so will I save you, and ye shall be a blessing: fear not, but let your hands be strong."
zh,CUV,不要怕,Genesis 35:17,genesis,Genesis,创世记,OT,35,17,正在艰难的时候，收生婆对她说：「不要怕，你又要得一个儿子了。」
zh,CUV,不要怕,Numbers 14:9,numbers,Numbers,民数记,OT,14,9,但你们不可背叛耶和华，也不要怕那地的居民；因为他们是我们的食物，并且荫庇他们的已经离开他们。有耶和华与我们同在，不要怕他们！」
zh,CUV,不要怕,Numbers 21:34,numbers,Numbers,民数记,OT,21,34,耶和华对摩西说：「不要怕他！因我已将他和他的众民，并他的地，都交在你手中；你要待他像从前待住希实本的亚摩利王西宏一般。」
zh,CUV,不要怕,Deuteronomy 1:29,deuteronomy,Deuteronomy,申命记,OT,1,29,我就对你们说：『不要惊恐，也不要怕他们。
zh,CUV,不要怕,Deuteronomy 3:2,deuteronomy,Deuteronomy,申命记,OT,3,2,耶和华对我说：『不要怕他！因我已将他和他的众民，并他的地，都交在你手中；你要待他像从前待住希实本的亚摩利王西宏一样。』
zh,CUV,不要怕,Deuteronomy 3:22,deuteronomy,Deuteronomy,申命记,OT,3,22,你不要怕他们，因那为你争战的是耶和华你的神。』」
zh,CUV,不要怕,Deuteronomy 18:22,deuteronomy,Deuteronomy,申命记,OT,18,22,先知托耶和华的名说话，所说的若不成就，也无效验，这就是耶和华所未曾吩咐的，是那先知擅自说的，你不要怕他。」
zh,CUV,不要怕,Deuteronomy 20:1,deuteronomy,Deuteronomy,申命记,OT,20,1,「你出去与仇敌争战的时候，看见马匹、车辆，并有比你多的人民，不要怕他们，因为领你出埃及地的耶和华你神与你同在。
zh,CUV,不要怕,Joshua 10:8,joshua,Joshua,约书亚记,OT,10,8,耶和华对约书亚说：「不要怕他们；因为我已将他们交在你手里，他们无一人能在你面前站立得住。」
zh,CUV,不要怕,1 Samuel 4:20,1-samuel,1 Samuel,撒母耳记上,OT,4,20,将要死的时候，旁边站着的妇人们对她说：「不要怕！你生了男孩子了。」她却不回答，也不放在心上。
zh,CUV,不要怕,2 Kings 1:15,2-kings,2 Kings,列王纪下,OT,1,15,耶和华的使者对以利亚说：「你同着他下去，不要怕他！」以利亚就起来，同着他下去见王，
zh,CUV,不要怕,Nehemiah 4:14,nehemiah,Nehemiah,尼希米记,OT,4,14,我察看了，就起来对贵胄、官长，和其余的人说：「不要怕他们！当记念主是大而可畏的。你们要为弟兄、儿女、妻子、家产争战。」
zh,CUV,不要怕,Isaiah 8:12,isaiah,Isaiah,以赛亚书,OT,8,12,「这百姓说同谋背叛，你们不要说同谋背叛。他们所怕的，你们不要怕，也不要畏惧。
zh,CUV,不要怕,Isaiah 10:24,isaiah,Isaiah,以赛亚书,OT,10,24,所以，主万军之耶和华如此说：「住锡安我的百姓啊，亚述王虽然用棍击打你，又照埃及的样子举杖攻击你，你却不要怕他。
zh,CUV,不要怕,Isaiah 51:7,isaiah,Isaiah,以赛亚书,OT,51,7,知道公义、将我训诲存在心中的民，要听我言！不要怕人的辱骂，也不要因人的毁谤惊惶。
zh,CUV,不要怕,Jeremiah 10:5,jeremiah,Jeremiah,耶利米书,OT,10,5,他好像棕树，是旋成的，不能说话，不能行走，必须有人抬着。你们不要怕他；他不能降祸，也无力降福。
zh,CUV,不要怕,Jeremiah 40:9,jeremiah,Jeremiah,耶利米书,OT,40,9,沙番的孙子亚希甘的儿子基大利向他们和属他们的人起誓说：「不要怕服事迦勒底人，只管住在这地，服事巴比伦王，就可以得福。
zh,CUV,不要怕,Jeremiah 42:11,jeremiah,Jeremiah,耶利米书,OT,42,11,不要怕你们所怕的巴比伦王。』」耶和华说：「不要怕他！因为我与你们同在，要拯救你们脱离他的手。
zh,CUV,不要怕,Ezekiel 2:6,ezekiel,Ezekiel,以西结书,OT,2,6,人子啊，虽有荆棘和蒺藜在你那里，你又住在蝎子中间，总不要怕他们，也不要怕他们的话；他们虽是悖逆之家，还不要怕他们的话，也不要因他们的脸色惊惶。
zh,CUV,不要怕,Ezekiel 3:9,ezekiel,Ezekiel,以西结书,OT,3,9,我使你的额像金钢钻，比火石更硬。他们虽是悖逆之家，你不要怕他们，也不要因他们的脸色惊惶。」
zh,CUV,不要怕,Matthew 1:20,matthew,Matthew,马太福音,NT,1,20,正思念这事的时候，有主的使者向他梦中显现，说：「大卫的子孙约瑟，不要怕！只管娶过你的妻子马利亚来，因她所怀的孕是从圣灵来的。
zh,CUV,不要怕,Matthew 10:26,matthew,Matthew,马太福音,NT,10,26,「所以，不要怕他们；因为掩盖的事没有不露出来的，隐藏的事没有不被人知道的。
zh,CUV,不要怕,Matthew 10:28,matthew,Matthew,马太福音,NT,10,28,那杀身体不能杀灵魂的，不要怕他们；惟有能把身体和灵魂都灭在地狱里的，正要怕他。
zh,CUV,不要怕,Matthew 14:27,matthew,Matthew,马太福音,NT,14,27,耶稣连忙对他们说：「你们放心！是我，不要怕！」
zh,CUV,不要怕,Mark 5:36,mark,Mark,马可福音,NT,5,36,耶稣听见所说的话，就对管会堂的说：「不要怕，只要信！」
zh,CUV,不要怕,Mark 6:50,mark,Mark,马可福音,NT,6,50,因为他们都看见了他，且甚惊慌。耶稣连忙对他们说：「你们放心！是我，不要怕！」
zh,CUV,不要怕,Luke 1:30,luke,Luke,路加福音,NT,1,30,天使对她说：「马利亚，不要怕！你在神面前已经蒙恩了。
zh,CUV,不要怕,Luke 5:10,luke,Luke,路加福音,NT,5,10,他的伙伴西庇太的儿子雅各、约翰，也是这样。耶稣对西门说：「不要怕！从今以后，你要得人了。」
zh,CUV,不要怕,Luke 8:50,luke,Luke,路加福音,NT,8,50,耶稣听见就对他说：「不要怕，只要信！你的女儿就必得救。」
zh,CUV,不要怕,Luke 12:4,luke,Luke,路加福音,NT,12,4,「我的朋友，我对你们说，那杀身体以后不能再作甚么的，不要怕他们。
zh,CUV,不要怕,John 6:20,john,John,约翰福音,NT,6,20,耶稣对他们说：「是我，不要怕！」
zh,CUV,不要怕,Acts 18:9,acts,Acts,使徒行传,NT,18,9,夜间，主在异象中对保罗说：「不要怕，只管讲，不要闭口，
zh,CUV,不要怕,1 Peter 3:14,1-peter,1 Peter,彼得前书,NT,3,14,你们就是为义受苦，也是有福的。不要怕人的威吓〔的威吓：或作所怕的〕，也不要惊慌；
zh,CUV,不要惧怕,Genesis 15:1,genesis,Genesis,创世记,OT,15,1,这事以后，耶和华在异象中有话对亚伯兰说：「亚伯兰，你不要惧怕！我是你的盾牌，必大大的赏赐你。」
zh,CUV,不要惧怕,Genesis 26:24,genesis,Genesis,创世记,OT,26,24,当夜耶和华向他显现，说：「我是你父亲亚伯拉罕的神，不要惧怕！因为我与你同在，要赐福给你，并要为我仆人亚伯拉罕的缘故，使你的后裔繁多。」
zh,CUV,不要惧怕,Exodus 14:13,exodus,Exodus,出埃及记,OT,14,13,摩西对百姓说：「不要惧怕，只管站住！看耶和华今天向你们所要施行的救恩。因为，你们今天所看见的埃及人必永远不再看见了。
zh,CUV,不要惧怕,Exodus 20:20,exodus,Exodus,出埃及记,OT,20,20,摩西对百姓说：「不要惧怕；因为神降临是要试验你们，叫你们时常敬畏他，不至犯罪。」
zh,CUV,不要惧怕,Deuteronomy 1:21,deuteronomy,Deuteronomy,申命记,OT,1,21,看哪，耶和华你的神已将那地摆在你面前，你要照耶和华你列祖的神所说的上去得那地为业；不要惧怕，也不要惊惶。』
zh,CUV,不要惧怕,Deuteronomy 7:18,deuteronomy,Deuteronomy,申命记,OT,7,18,你不要惧怕他们，要牢牢记念耶和华你神向法老和埃及全地所行的事，
zh,CUV,不要惧怕,Deuteronomy 20:3,deuteronomy,Deuteronomy,申命记,OT,20,3,说：『以色列人哪，你们当听，你们今日将要与仇敌争战，不要胆怯，不要惧怕战兢，也不要因他们惊恐；
zh,CUV,不要惧怕,Deuteronomy 31:8,deuteronomy,Deuteronomy,申命记,OT,31,8,耶和华必在你前面行；他必与你同在，必不撇下你，也不丢弃你。不要惧怕，也不要惊惶。」
zh,CUV,不要惧怕,Joshua 1:9,joshua,Joshua,约书亚记,OT,1,9,我岂没有吩咐你么？你当刚强壮胆！不要惧怕，也不要惊惶；因为你无论往那里去，耶和华你的神必与你同在。」
zh,CUV,不要惧怕,Joshua 8:1,joshua,Joshua,约书亚记,OT,8,1,耶和华对约书亚说：「不要惧怕，也不要惊惶。你起来，率领一切兵丁上艾城去，我已经把艾城的王和他的民、他的城，并他的地，都交在你手里。
zh,CUV,不要惧怕,Joshua 10:25,joshua,Joshua,约书亚记,OT,10,25,约书亚对他们说：「你们不要惧怕，也不要惊惶。应当刚强壮胆，因为耶和华必这样待你们所要攻打的一切仇敌。」
zh,CUV,不要惧怕,Judges 4:18,judges,Judges,士师记,OT,4,18,雅亿出来迎接西西拉，对他说：「请我主进来，不要惧怕。」西西拉就进了她的帐棚。雅亿用被将他遮盖。
zh,CUV,不要惧怕,Judges 6:23,judges,Judges,士师记,OT,6,23,耶和华对他说：「你放心，不要惧怕，你必不至死。」
zh,CUV,不要惧怕,Ruth 3:11,ruth,Ruth,路得记,OT,3,11,女儿啊，现在不要惧怕，凡你所说的，我必照着行；我本城的人都知道你是个贤德的女子。
zh,CUV,不要惧怕,1 Samuel 12:20,1-samuel,1 Samuel,撒母耳记上,OT,12,20,撒母耳对百姓说：「不要惧怕！你们虽然行了这恶，却不要偏离耶和华，只要尽心事奉他。
zh,CUV,不要惧怕,1 Samuel 22:23,1-samuel,1 Samuel,撒母耳记上,OT,22,23,你可以住在我这里，不要惧怕。因为寻索你命的就是寻索我的命；你在我这里可得保全。」
zh,CUV,不要惧怕,1 Samuel 23:17,1-samuel,1 Samuel,撒母耳记上,OT,23,17,对他说：「不要惧怕！我父扫罗的手必不加害于你；你必作以色列的王，我也作你的宰相。这事我父扫罗知道了。」
zh,CUV,不要惧怕,1 Samuel 28:13,1-samuel,1 Samuel,撒母耳记上,OT,28,13,王对妇人说：「不要惧怕，你看见了甚么呢？」妇人对扫罗说：「我看见有神从地里上来。」
zh,CUV,不要惧怕,2 Samuel 9:7,2-samuel,2 Samuel,撒母耳记下,OT,9,7,大卫说：「你不要惧怕，我必因你父亲约拿单的缘故施恩与你，将你祖父扫罗的一切田地都归还你；你也可以常与我同席吃饭。」
zh,CUV,不要惧怕,2 Samuel 13:28,2-samuel,2 Samuel,撒母耳记下,OT,13,28,押沙龙吩咐仆人说：「你们注意，看暗嫩饮酒畅快的时候，我对你们说杀暗嫩，你们便杀他，不要惧怕。这不是我吩咐你们的么？你们只管壮胆奋勇！」
zh,CUV,不要惧怕,1 Kings 17:13,1-kings,1 Kings,列王纪上,OT,17,13,以利亚对她说：「不要惧怕！可以照你所说的去作吧！只要先为我作一个小饼拿来给我，然后为你和你的儿子作饼。
zh,CUV,不要惧怕,2 Kings 6:16,2-kings,2 Kings,列王纪下,OT,6,16,神人说：「不要惧怕！与我们同在的比与他们同在的更多。」
zh,CUV,不要惧怕,2 Kings 19:6,2-kings,2 Kings,列王纪下,OT,19,6,以赛亚对他们说：「要这样对你们的主人说，耶和华如此说：『你听见亚述王的仆人亵渎我的话，不要惧怕。
zh,CUV,不要惧怕,1 Chronicles 22:12,1-chronicles,1 Chronicles,历代志上,OT,22,12,你若谨守遵行耶和华藉摩西吩咐以色列的律例典章，就得亨通。你当刚强壮胆，不要惧怕，也不要惊惶。
zh,CUV,不要惧怕,1 Chronicles 28:20,1-chronicles,1 Chronicles,历代志上,OT,28,20,大卫又对他儿子所罗门说：「你当刚强壮胆去行！不要惧怕，也不要惊惶。因为耶和华神就是我的神，与你同在；他必不撇下你，也不丢弃你，直到耶和华殿的工作都完毕了。
zh,CUV,不要惧怕,Psalms 49:16,psalms,Psalms,诗篇,OT,49,16,见人发财、家室增荣的时候，你不要惧怕；
zh,CUV,不要惧怕,Isaiah 35:4,isaiah,Isaiah,以赛亚书,OT,35,4,对胆怯的人说：你们要刚强，不要惧怕。看哪，你们的神必来报仇，必来施行极大的报应；他必来拯救你们。
zh,CUV,不要惧怕,Isaiah 37:6,isaiah,Isaiah,以赛亚书,OT,37,6,以赛亚对他们说：「要这样对你们的主人说，耶和华如此说：『你听见亚述王的仆人亵渎我的话，不要惧怕。
zh,CUV,不要惧怕,Isaiah 40:9,isaiah,Isaiah,以赛亚书,OT,40,9,报好信息给锡安的啊，你要登高山；报好信息给耶路撒冷的啊，你要极力扬声。扬声不要惧怕，对犹大的城邑说：看哪，你们的神！
zh,CUV,不要惧怕,Isaiah 54:4,isaiah,Isaiah,以赛亚书,OT,54,4,不要惧怕，因你必不致蒙羞；也不要抱愧，因你必不致受辱。你必忘记幼年的羞愧，不再记念你寡居的羞辱。
zh,CUV,不要惧怕,Jeremiah 1:8,jeremiah,Jeremiah,耶利米书,OT,1,8,你不要惧怕他们，因为我与你同在，要拯救你。这是耶和华说的。
zh,CUV,不要惧怕,Jeremiah 30:10,jeremiah,Jeremiah,耶利米书,OT,30,10,故此，耶和华说：我的仆人雅各啊，不要惧怕；以色列啊，不要惊惶；因我要从远方拯救你，从被掳到之地拯救你的后裔；雅各必回来得享平靖安逸，无人使他害怕。
zh,CUV,不要惧怕,Jeremiah 46:27,jeremiah,Jeremiah,耶利米书,OT,46,27,我的仆人雅各啊，不要惧怕！以色列啊，不要惊惶！因我要从远方拯救你，从被掳到之地拯救你的后裔。雅各必回来，得享平靖安逸，无人使他害怕。
zh,CUV,不要惧怕,Jeremiah 46:28,jeremiah,Jeremiah,耶利米书,OT,46,28,我的仆人雅各啊，不要惧怕！因我与你同在。我要将我所赶你到的那些国灭绝净尽，却不将你灭绝净尽，倒要从宽惩治你，万不能不罚你〔不罚你：或作以你为无罪〕。这是耶和华说的。
zh,CUV,不要惧怕,Lamentations 3:57,lamentations,Lamentations,耶利米哀歌,OT,3,57,我求告你的日子，你临近我，说：不要惧怕！
zh,CUV,不要惧怕,Daniel 10:12,daniel,Daniel,但以理书,OT,10,12,他就说：「但以理啊，不要惧怕！因为从你第一日专心求明白将来的事，又在你神面前刻苦己心，你的言语已蒙应允；我是因你的言语而来。
zh,CUV,不要惧怕,Daniel 10:19,daniel,Daniel,但以理书,OT,10,19,他说：「大蒙眷爱的人哪，不要惧怕，愿你平安！你总要坚强。」他一向我说话，我便觉得有力量，说：「我主请说，因你使我有力量。」
zh,CUV,不要惧怕,Joel 2:21,joel,Joel,约珥书,OT,2,21,地土啊，不要惧怕；要欢喜快乐，因为耶和华行了大事。
zh,CUV,不要惧怕,Joel 2:22,joel,Joel,约珥书,OT,2,22,田野的走兽啊，不要惧怕；因为，旷野的草发生，树木结果，无花果树、葡萄树也都效力。
zh,CUV,不要惧怕,Zephaniah 3:16,zephaniah,Zephaniah,西番雅书,OT,3,16,当那日，必有话向耶路撒冷说：不要惧怕！锡安哪；不要手软！
zh,CUV,不要惧怕,Haggai 2:5,haggai,Haggai,哈该书,OT,2,5,这是照着你们出埃及我与你们立约的话。那时，我的灵住在你们中间，你们不要惧怕。」
zh,CUV,不要惧怕,Zechariah 8:13,zechariah,Zechariah,撒迦利亚书,OT,8,13,犹大家和以色列家啊，你们从前在列国中怎样成为可咒诅的；照样，我要拯救你们，使人称你们为有福的〔或作：使你们叫人得福〕。你们不要惧怕，手要强壮。」
zh,CUV,不要惧怕,Zechariah 8:15,zechariah,Zechariah,撒迦利亚书,OT,8,15,现在我照样定意施恩与耶路撒冷和犹大家，你们不要惧怕。
zh,CUV,不要惧怕,Matthew 10:31,matthew,Matthew,马太福音,NT,10,31,所以，不要惧怕，你们比许多麻雀还贵重！」
zh,CUV,不要惧怕,Luke 2:10,luke,Luke,路加福音,NT,2,10,那天使对他们说：「不要惧怕！我报给你们大喜的信息，是关乎万民的；
zh,CUV,不要惧怕,Luke 12:7,luke,Luke,路加福音,NT,12,7,就是你们的头发，也都被数过了。不要惧怕，你们比许多麻雀还贵重！」
zh,CUV,不要惧怕,Luke 12:32,luke,Luke,路加福音,NT,12,32,你们这小群，不要惧怕，因为你们的父乐意把国赐给你们。
zh,CUV,不要惧怕,John 12:15,john,John,约翰福音,NT,12,15,锡安的民〔原文作女子〕哪，不要惧怕！你的王骑着驴驹来了。
zh,CUV,不要惧怕,Revelation 1:17,revelation,Revelation,启示录,NT,1,17,我一看见，就仆倒在他脚前，像死了一样。他用右手按着我，说：「不要惧怕！我是首先的，我是末后的，
zh,CUV,不要害怕,Genesis 21:17,genesis,Genesis,创世记,OT,21,17,神听见童子的声音；神的使者从天上呼叫夏甲说：「夏甲，你为何这样呢？不要害怕，神已经听见童子的声音了。
zh,CUV,不要害怕,Genesis 43:23,genesis,Genesis,创世记,OT,43,23,家宰说：「你们可以放心，不要害怕，是你们的神和你们父亲的神赐给你们财宝在你们的口袋里；你们的银子，我早已收了。」他就把西缅带出来，交给他们。
zh,CUV,不要害怕,Genesis 46:3,genesis,Genesis,创世记,OT,46,3,神说：「我是神，就是你父亲的神。你下埃及去不要害怕，因为我必使你在那里成为大族。
zh,CUV,不要害怕,Genesis 50:19,genesis,Genesis,创世记,OT,50,19,约瑟对他们说：「不要害怕，我岂能代替神呢？
zh,CUV,不要害怕,Genesis 50:21,genesis,Genesis,创世记,OT,50,21,现在你们不要害怕，我必养活你们和你们的妇人、孩子。」于是约瑟用亲爱的话安慰他们。
zh,CUV,不要害怕,Deuteronomy 31:6,deuteronomy,Deuteronomy,申命记,OT,31,6,你们当刚强壮胆，不要害怕，也不要畏惧他们，因为耶和华你的神和你同去。他必不撇下你，也不丢弃你。」
zh,CUV,不要害怕,Proverbs 3:25,proverbs,Proverbs,箴言,OT,3,25,忽然来的惊恐，不要害怕；恶人遭毁灭，也不要恐惧。
zh,CUV,不要害怕,Isaiah 41:10,isaiah,Isaiah,以赛亚书,OT,41,10,你不要害怕，因为我与你同在；不要惊惶，因为我是你的神。我必坚固你，我必帮助你；我必用我公义的右手扶持你。
zh,CUV,不要害怕,Isaiah 41:13,isaiah,Isaiah,以赛亚书,OT,41,13,因为我耶和华你的神必搀扶你的右手，对你说：不要害怕！我必帮助你。
zh,CUV,不要害怕,Isaiah 41:14,isaiah,Isaiah,以赛亚书,OT,41,14,你这虫雅各和你们以色列人，不要害怕！耶和华说：我必帮助你。你的救赎主就是以色列的圣者。
zh,CUV,不要害怕,Isaiah 43:1,isaiah,Isaiah,以赛亚书,OT,43,1,雅各啊，创造你的耶和华，以色列啊，造成你的那位，现在如此说：你不要害怕！因为我救赎了你。我曾提你的名召你，你是属我的。
zh,CUV,不要害怕,Isaiah 43:5,isaiah,Isaiah,以赛亚书,OT,43,5,不要害怕，因我与你同在；我必领你的后裔从东方来，又从西方招聚你。
zh,CUV,不要害怕,Isaiah 44:2,isaiah,Isaiah,以赛亚书,OT,44,2,造作你，又从你出胎造就你，并要帮助你的耶和华如此说：我的仆人雅各，我所拣选的耶书仑哪，不要害怕！
zh,CUV,不要害怕,Isaiah 44:8,isaiah,Isaiah,以赛亚书,OT,44,8,你们不要恐惧，也不要害怕。我岂不是从上古就说明指示你们吗？并且你们是我的见证！除我以外，岂有真神吗？诚然没有磐石，我不知道一个！
zh,CUV,不要害怕,Matthew 17:7,matthew,Matthew,马太福音,NT,17,7,耶稣进前来，摸他们，说：「起来，不要害怕！」
zh,CUV,不要害怕,Matthew 28:5,matthew,Matthew,马太福音,NT,28,5,天使对妇女说：「不要害怕！我知道你们是寻找那钉十字架的耶稣。
zh,CUV,不要害怕,Matthew 28:10,matthew,Matthew,马太福音,NT,28,10,耶稣对她们说：「不要害怕！你们去告诉我的弟兄，叫他们往加利利去，在那里必见我。」
zh,CUV,不要害怕,Luke 1:13,luke,Luke,路加福音,NT,1,13,天使对他说：「撒迦利亚，不要害怕，因为你的祈祷已经被听见了。你的妻子以利沙伯要给你生一个儿子，你要给他起名叫约翰。
zh,CUV,不要害怕,Acts 27:24,acts,Acts,使徒行传,NT,27,24,『保罗，不要害怕，你必定站在该撒面前，并且与你同船的人，神都赐给你了。』
zh,CUV,不要恐惧,2 Chronicles 20:17,2-chronicles,2 Chronicles,历代志下,OT,20,17,犹大和耶路撒冷人哪，这次你们不要争战，要摆阵站着，看耶和华为你们施行拯救。不要恐惧，也不要惊惶。明日当出去迎敌，因为耶和华与你们同在。』」
zh,CUV,不要恐惧,Proverbs 3:25,proverbs,Proverbs,箴言,OT,3,25,忽然来的惊恐，不要害怕；恶人遭毁灭，也不要恐惧。
zh,CUV,不要恐惧,Isaiah 44:8,isaiah,Isaiah,以赛亚书,OT,44,8,你们不要恐惧，也不要害怕。我岂不是从上古就说明指示你们吗？并且你们是我的见证！除我以外，岂有真神吗？诚然没有磐石，我不知道一个！
zh,CUV,不要怕 OR 不要惧怕 OR 不要害怕 OR 不要恐惧,1 Chronicles 22:12,1-chronicles,1 Chronicles,历代志上,OT,22,12,你若谨守遵行耶和华藉摩西吩咐以色列的律例典章，就得亨通。你当刚强壮胆，不要惧怕，也不要惊惶。
zh,CUV,不要怕 OR 不要惧怕 OR 不要害怕 OR 不要恐惧,1 Chronicles 28:20,1-chronicles,1 Chronicles,历代志上,OT,28,20,大卫又对他儿子所罗门说：「你当刚强壮胆去行！不要惧怕，也不要惊惶。因为耶和华神就是我的神，与你同在；他必不撇下你，也不丢弃你，直到耶和华殿的工作都完毕了。
zh,CUV,不要怕 OR 不要惧怕 OR 不要害怕 OR 不要恐惧,1 Kings 17:13,1-kings,1 Kings,列王纪上,OT,17,13,以利亚对她说：「不要惧怕！可以照你所说的去作吧！只要先为我作一个小饼拿来给我，然后为你和你的儿子作饼。
zh,CUV,不要怕 OR 不要惧怕 OR 不要害怕 OR 不要恐惧,1 Peter 3:14,1-peter,1 Peter,彼得前书,NT,3,14,你们就是为义受苦，也是有福的。不要怕人的威吓〔的威吓：或作所怕的〕，也不要惊慌；
zh,CUV,不要怕 OR 不要惧怕 OR 不要害怕 OR 不要恐惧,1 Samuel 12:20,1-samuel,1 Samuel,撒母耳记上,OT,12,20,撒母耳对百姓说：「不要惧怕！你们虽然行了这恶，却不要偏离耶和华，只要尽心事奉他。
zh,CUV,不要怕 OR 不要惧怕 OR 不要害怕 OR 不要恐惧,1 Samuel 22:23,1-samuel,1 Samuel,撒母耳记上,OT,22,23,你可以住在我这里，不要惧怕。因为寻索你命的就是寻索我的命；你在我这里可得保全。」
zh,CUV,不要怕 OR 不要惧怕 OR 不要害怕 OR 不要恐惧,1 Samuel 23:17,1-samuel,1 Samuel,撒母耳记上,OT,23,17,对他说：「不要惧怕！我父扫罗的手必不加害于你；你必作以色列的王，我也作你的宰相。这事我父扫罗知道了。」
zh,CUV,不要怕 OR 不要惧怕 OR 不要害怕 OR 不要恐惧,1 Samuel 28:13,1-samuel,1 Samuel,撒母耳记上,OT,28,13,王对妇人说：「不要惧怕，你看见了甚么呢？」妇人对扫罗说：「我看见有神从地里上来。」
zh,CUV,不要怕 OR 不要惧怕 OR 不要害怕 OR 不要恐惧,1 Samuel 4:20,1-samuel,1 Samuel,撒母耳记上,OT,4,20,将要死的时候，旁边站着的妇人们对她说：「不要怕！你生了男孩子了。」她却不回答，也不放在心上。
zh,CUV,不要怕 OR 不要惧怕 OR 不要害怕 OR 不要恐惧,2 Chronicles 20:17,2-chronicles,2 Chronicles,历代志下,OT,20,17,犹大和耶路撒冷人哪，这次你们不要争战，要摆阵站着，看耶和华为你们施行拯救。不要恐惧，也不要惊惶。明日当出去迎敌，因为耶和华与你们同在。』」
zh,CUV,不要怕 OR 不要惧怕 OR 不要害怕 OR 不要恐惧,2 Kings 1:15,2-kings,2 Kings,列王纪下,OT,1,15,耶和华的使者对以利亚说：「你同着他下去，不要怕他！」以利亚就起来，同着他下去见王，
zh,CUV,不要怕 OR 不要惧怕 OR 不要害怕 OR 不要恐惧,2 Kings 19:6,2-kings,2 Kings,列王纪下,OT,19,6,以赛亚对他们说：「要这样对你们的主人说，耶和华如此说：『你听见亚述王的仆人亵渎我的话，不要惧怕。
zh,CUV,不要怕 OR 不要惧怕 OR 不要害怕 OR 不要恐惧,2 Kings 6:16,2-kings,2 Kings,列王纪下,OT,6,16,神人说：「不要惧怕！与我们同在的比与他们同在的更多。」
zh,CUV,不要怕 OR 不要惧怕 OR 不要害怕 OR 不要恐惧,2 Samuel 13:28,2-samuel,2 Samuel,撒母耳记下,OT,13,28,押沙龙吩咐仆人说：「你们注意，看暗嫩饮酒畅快的时候，我对你们说杀暗嫩，你们便杀他，不要惧怕。这不是我吩咐你们的么？你们只管壮胆奋勇！」
zh,CUV,不要怕 OR 不要惧怕 OR 不要害怕 OR 不要恐惧,2 Samuel 9:7,2-samuel,2 Samuel,撒母耳记下,OT,9,7,大卫说：「你不要惧怕，我必因你父亲约拿单的缘故施恩与你，将你祖父扫罗的一切田地都归还你；你也可以常与我同席吃饭。」
zh,CUV,不要怕 OR 不要惧怕 OR 不要害怕 OR 不要恐惧,Acts 18:9,acts,Acts,使徒行传,NT,18,9,夜间，主在异象中对保罗说：「不要怕，只管讲，不要闭口，
zh,CUV,不要怕 OR 不要惧怕 OR 不要害怕 OR 不要恐惧,Acts 27:24,acts,Acts,使徒行传,NT,27,24,『保罗，不要害怕，你必定站在该撒面前，并且与你同船的人，神都赐给你了。』
zh,CUV,不要怕 OR 不要惧怕 OR 不要害怕 OR 不要恐惧,Daniel 10:12,daniel,Daniel,但以理书,OT,10,12,他就说：「但以理啊，不要惧怕！因为从你第一日专心求明白将来的事，又在你神面前刻苦己心，你的言语已蒙应允；我是因你的言语而来。
zh,CUV,不要怕 OR 不要惧怕 OR 不要害怕 OR 不要恐惧,Daniel 10:19,daniel,Daniel,但以理书,OT,10,19,他说：「大蒙眷爱的人哪，不要惧怕，愿你平安！你总要坚强。」他一向我说话，我便觉得有力量，说：「我主请说，因你使我有力量。」
zh,CUV,不要怕 OR 不要惧怕 OR 不要害怕 OR 不要恐惧,Deuteronomy 1:21,deuteronomy,Deuteronomy,申命记,OT,1,21,看哪，耶和华你的神已将那地摆在你面前，你要照耶和华你列祖的神所说的上去得那地为业；不要惧怕，也不要惊惶。』
zh,CUV,不要怕 OR 不要惧怕 OR 不要害怕 OR 不要恐惧,Deuteronomy 1:29,deuteronomy,Deuteronomy,申命记,OT,1,29,我就对你们说：『不要惊恐，也不要怕他们。
zh,CUV,不要怕 OR 不要惧怕 OR 不要害怕 OR 不要恐惧,Deuteronomy 18:22,deuteronomy,Deuteronomy,申命记,OT,18,22,先知托耶和华的名说话，所说的若不成就，也无效验，这就是耶和华所未曾吩咐的，是那先知擅自说的，你不要怕他。」
zh,CUV,不要怕 OR 不要惧怕 OR 不要害怕 OR 不要恐惧,Deuteronomy 20:1,deuteronomy,Deuteronomy,申命记,OT,20,1,「你出去与仇敌争战的时候，看见马匹、车辆，并有比你多的人民，不要怕他们，因为领你出埃及地的耶和华你神与你同在。
zh,CUV,不要怕 OR 不要惧怕 OR 不要害怕 OR 不要恐惧,Deuteronomy 20:3,deuteronomy,Deuteronomy,申命记,OT,20,3,说：『以色列人哪，你们当听，你们今日将要与仇敌争战，不要胆怯，不要惧怕战兢，也不要因他们惊恐；
zh,CUV,不要怕 OR 不要惧怕 OR 不要害怕 OR 不要恐惧,Deuteronomy 3:2,deuteronomy,Deuteronomy,申命记,OT,3,2,耶和华对我说：『不要怕他！因我已将他和他的众民，并他的地，都交在你手中；你要待他像从前待住希实本的亚摩利王西宏一样。』
zh,CUV,不要怕 OR 不要惧怕 OR 不要害怕 OR 不要恐惧,Deuteronomy 3:22,deuteronomy,Deuteronomy,申命记,OT,3,22,你不要怕他们，因那为你争战的是耶和华你的神。』」
zh,CUV,不要怕 OR 不要惧怕 OR 不要害怕 OR 不要恐惧,Deuteronomy 31:6,deuteronomy,Deuteronomy,申命记,OT,31,6,你们当刚强壮胆，不要害怕，也不要畏惧他们，因为耶和华你的神和你同去。他必不撇下你，也不丢弃你。」
zh,CUV,不要怕 OR 不要惧怕 OR 不要害怕 OR 不要恐惧,Deuteronomy 31:8,deuteronomy,Deuteronomy,申命记,OT,31,8,耶和华必在你前面行；他必与你同在，必不撇下你，也不丢弃你。不要惧怕，也不要惊惶。」
zh,CUV,不要怕 OR 不要惧怕 OR 不要害怕 OR 不要恐惧,Deuteronomy 7:18,deuteronomy,Deuteronomy,申命记,OT,7,18,你不要惧怕他们，要牢牢记念耶和华你神向法老和埃及全地所行的事，
zh,CUV,不要怕 OR 不要惧怕 OR 不要害怕 OR 不要恐惧,Exodus 14:13,exodus,Exodus,出埃及记,OT,14,13,摩西对百姓说：「不要惧怕，只管站住！看耶和华今天向你们所要施行的救恩。因为，你们今天所看见的埃及人必永远不再看见了。
zh,CUV,不要怕 OR 不要惧怕 OR 不要害怕 OR 不要恐惧,Exodus 20:20,exodus,Exodus,出埃及记,OT,20,20,摩西对百姓说：「不要惧怕；因为神降临是要试验你们，叫你们时常敬畏他，不至犯罪。」
zh,CUV,不要怕 OR 不要惧怕 OR 不要害怕 OR 不要恐惧,Ezekiel 2:6,ezekiel,Ezekiel,以西结书,OT,2,6,人子啊，虽有荆棘和蒺藜在你那里，你又住在蝎子中间，总不要怕他们，也不要怕他们的话；他们虽是悖逆之家，还不要怕他们的话，也不要因他们的脸色惊惶。
zh,CUV,不要怕 OR 不要惧怕 OR 不要害怕 OR 不要恐惧,Ezekiel 3:9,ezekiel,Ezekiel,以西结书,OT,3,9,我使你的额像金钢钻，比火石更硬。他们虽是悖逆之家，你不要怕他们，也不要因他们的脸色惊惶。」
zh,CUV,不要怕 OR 不要惧怕 OR 不要害怕 OR 不要恐惧,Genesis 15:1,genesis,Genesis,创世记,OT,15,1,这事以后，耶和华在异象中有话对亚伯兰说：「亚伯兰，你不要惧怕！我是你的盾牌，必大大的赏赐你。」
zh,CUV,不要怕 OR 不要惧怕 OR 不要害怕 OR 不要恐惧,Genesis 21:17,genesis,Genesis,创世记,OT,21,17,神听见童子的声音；神的使者从天上呼叫夏甲说：「夏甲，你为何这样呢？不要害怕，神已经听见童子的声音了。
zh,CUV,不要怕 OR 不要惧怕 OR 不要害怕 OR 不要恐惧,Genesis 26:24,genesis,Genesis,创世记,OT,26,24,当夜耶和华向他显现，说：「我是你父亲亚伯拉罕的神，不要惧怕！因为我与你同在，要赐福给你，并要为我仆人亚伯拉罕的缘故，使你的后裔繁多。」
zh,CUV,不要怕 OR 不要惧怕 OR 不要害怕 OR 不要恐惧,Genesis 35:17,genesis,Genesis,创世记,OT,35,17,正在艰难的时候，收生婆对她说：「不要怕，你又要得一个儿子了。」
zh,CUV,不要怕 OR 不要惧怕 OR 不要害怕 OR 不要恐惧,Genesis 43:23,genesis,Genesis,创世记,OT,43,23,家宰说：「你们可以放心，不要害怕，是你们的神和你们父亲的神赐给你们财宝在你们的口袋里；你们的银子，我早已收了。」他就把西缅带出来，交给他们。
zh,CUV,不要怕 OR 不要惧怕 OR 不要害怕 OR 不要恐惧,Genesis 46:3,genesis,Genesis,创世记,OT,46,3,神说：「我是神，就是你父亲的神。你下埃及去不要害怕，因为我必使你在那里成为大族。
zh,CUV,不要怕 OR 不要惧怕 OR 不要害怕 OR 不要恐惧,Genesis 50:19,genesis,Genesis,创世记,OT,50,19,约瑟对他们说：「不要害怕，我岂能代替神呢？
zh,CUV,不要怕 OR 不要惧怕 OR 不要害怕 OR 不要恐惧,Genesis 50:21,genesis,Genesis,创世记,OT,50,21,现在你们不要害怕，我必养活你们和你们的妇人、孩子。」于是约瑟用亲爱的话安慰他们。
zh,CUV,不要怕 OR 不要惧怕 OR 不要害怕 OR 不要恐惧,Haggai 2:5,haggai,Haggai,哈该书,OT,2,5,这是照着你们出埃及我与你们立约的话。那时，我的灵住在你们中间，你们不要惧怕。」
zh,CUV,不要怕 OR 不要惧怕 OR 不要害怕 OR 不要恐惧,Isaiah 10:24,isaiah,Isaiah,以赛亚书,OT,10,24,所以，主万军之耶和华如此说：「住锡安我的百姓啊，亚述王虽然用棍击打你，又照埃及的样子举杖攻击你，你却不要怕他。
zh,CUV,不要怕 OR 不要惧怕 OR 不要害怕 OR 不要恐惧,Isaiah 35:4,isaiah,Isaiah,以赛亚书,OT,35,4,对胆怯的人说：你们要刚强，不要惧怕。看哪，你们的神必来报仇，必来施行极大的报应；他必来拯救你们。
zh,CUV,不要怕 OR 不要惧怕 OR 不要害怕 OR 不要恐惧,Isaiah 37:6,isaiah,Isaiah,以赛亚书,OT,37,6,以赛亚对他们说：「要这样对你们的主人说，耶和华如此说：『你听见亚述王的仆人亵渎我的话，不要惧怕。
zh,CUV,不要怕 OR 不要惧怕 OR 不要害怕 OR 不要恐惧,Isaiah 40:9,isaiah,Isaiah,以赛亚书,OT,40,9,报好信息给锡安的啊，你要登高山；报好信息给耶路撒冷的啊，你要极力扬声。扬声不要惧怕，对犹大的城邑说：看哪，你们的神！
zh,CUV,不要怕 OR 不要惧怕 OR 不要害怕 OR 不要恐惧,Isaiah 41:10,isaiah,Isaiah,以赛亚书,OT,41,10,你不要害怕，因为我与你同在；不要惊惶，因为我是你的神。我必坚固你，我必帮助你；我必用我公义的右手扶持你。
zh,CUV,不要怕 OR 不要惧怕 OR 不要害怕 OR 不要恐惧,Isaiah 41:13,isaiah,Isaiah,以赛亚书,OT,41,13,因为我耶和华你的神必搀扶你的右手，对你说：不要害怕！我必帮助你。
zh,CUV,不要怕 OR 不要惧怕 OR 不要害怕 OR 不要恐惧,Isaiah 41:14,isaiah,Isaiah,以赛亚书,OT,41,14,你这虫雅各和你们以色列人，不要害怕！耶和华说：我必帮助你。你的救赎主就是以色列的圣者。
zh,CUV,不要怕 OR 不要惧怕 OR 不要害怕 OR 不要恐惧,Isaiah 43:1,isaiah,Isaiah,以赛亚书,OT,43,1,雅各啊，创造你的耶和华，以色列啊，造成你的那位，现在如此说：你不要害怕！因为我救赎了你。我曾提你的名召你，你是属我的。
zh,CUV,不要怕 OR 不要惧怕 OR 不要害怕 OR 不要恐惧,Isaiah 43:5,isaiah,Isaiah,以赛亚书,OT,43,5,不要害怕，因我与你同在；我必领你的后裔从东方来，又从西方招聚你。
zh,CUV,不要怕 OR 不要惧怕 OR 不要害怕 OR 不要恐惧,Isaiah 44:2,isaiah,Isaiah,以赛亚书,OT,44,2,造作你，又从你出胎造就你，并要帮助你的耶和华如此说：我的仆人雅各，我所拣选的耶书仑哪，不要害怕！
zh,CUV,不要怕 OR 不要惧怕 OR 不要害怕 OR 不要恐惧,Isaiah 44:8,isaiah,Isaiah,以赛亚书,OT,44,8,你们不要恐惧，也不要害怕。我岂不是从上古就说明指示你们吗？并且你们是我的见证！除我以外，岂有真神吗？诚然没有磐石，我不知道一个！
zh,CUV,不要怕 OR 不要惧怕 OR 不要害怕 OR 不要恐惧,Isaiah 51:7,isaiah,Isaiah,以赛亚书,OT,51,7,知道公义、将我训诲存在心中的民，要听我言！不要怕人的辱骂，也不要因人的毁谤惊惶。
zh,CUV,不要怕 OR 不要惧怕 OR 不要害怕 OR 不要恐惧,Isaiah 54:4,isaiah,Isaiah,以赛亚书,OT,54,4,不要惧怕，因你必不致蒙羞；也不要抱愧，因你必不致受辱。你必忘记幼年的羞愧，不再记念你寡居的羞辱。
zh,CUV,不要怕 OR 不要惧怕 OR 不要害怕 OR 不要恐惧,Isaiah 8:12,isaiah,Isaiah,以赛亚书,OT,8,12,「这百姓说同谋背叛，你们不要说同谋背叛。他们所怕的，你们不要怕，也不要畏惧。
zh,CUV,不要怕 OR 不要惧怕 OR 不要害怕 OR 不要恐惧,Jeremiah 1:8,jeremiah,Jeremiah,耶利米书,OT,1,8,你不要惧怕他们，因为我与你同在，要拯救你。这是耶和华说的。
zh,CUV,不要怕 OR 不要惧怕 OR 不要害怕 OR 不要恐惧,Jeremiah 10:5,jeremiah,Jeremiah,耶利米书,OT,10,5,他好像棕树，是旋成的，不能说话，不能行走，必须有人抬着。你们不要怕他；他不能降祸，也无力降福。
zh,CUV,不要怕 OR 不要惧怕 OR 不要害怕 OR 不要恐惧,Jeremiah 30:10,jeremiah,Jeremiah,耶利米书,OT,30,10,故此，耶和华说：我的仆人雅各啊，不要惧怕；以色列啊，不要惊惶；因我要从远方拯救你，从被掳到之地拯救你的后裔；雅各必回来得享平靖安逸，无人使他害怕。
zh,CUV,不要怕 OR 不要惧怕 OR 不要害怕 OR 不要恐惧,Jeremiah 40:9,jeremiah,Jeremiah,耶利米书,OT,40,9,沙番的孙子亚希甘的儿子基大利向他们和属他们的人起誓说：「不要怕服事迦勒底人，只管住在这地，服事巴比伦王，就可以得福。
zh,CUV,不要怕 OR 不要惧怕 OR 不要害怕 OR 不要恐惧,Jeremiah 42:11,jeremiah,Jeremiah,耶利米书,OT,42,11,不要怕你们所怕的巴比伦王。』」耶和华说：「不要怕他！因为我与你们同在，要拯救你们脱离他的手。
zh,CUV,不要怕 OR 不要惧怕 OR 不要害怕 OR 不要恐惧,Jeremiah 46:27,jeremiah,Jeremiah,耶利米书,OT,46,27,我的仆人雅各啊，不要惧怕！以色列啊，不要惊惶！因我要从远方拯救你，从被掳到之地拯救你的后裔。雅各必回来，得享平靖安逸，无人使他害怕。
zh,CUV,不要怕 OR 不要惧怕 OR 不要害怕 OR 不要恐惧,Jeremiah 46:28,jeremiah,Jeremiah,耶利米书,OT,46,28,我的仆人雅各啊，不要惧怕！因我与你同在。我要将我所赶你到的那些国灭绝净尽，却不将你灭绝净尽，倒要从宽惩治你，万不能不罚你〔不罚你：或作以你为无罪〕。这是耶和华说的。
zh,CUV,不要怕 OR 不要惧怕 OR 不要害怕 OR 不要恐惧,Joel 2:21,joel,Joel,约珥书,OT,2,21,地土啊，不要惧怕；要欢喜快乐，因为耶和华行了大事。
zh,CUV,不要怕 OR 不要惧怕 OR 不要害怕 OR 不要恐惧,Joel 2:22,joel,Joel,约珥书,OT,2,22,田野的走兽啊，不要惧怕；因为，旷野的草发生，树木结果，无花果树、葡萄树也都效力。
zh,CUV,不要怕 OR 不要惧怕 OR 不要害怕 OR 不要恐惧,John 12:15,john,John,约翰福音,NT,12,15,锡安的民〔原文作女子〕哪，不要惧怕！你的王骑着驴驹来了。
zh,CUV,不要怕 OR 不要惧怕 OR 不要害怕 OR 不要恐惧,John 6:20,john,John,约翰福音,NT,6,20,耶稣对他们说：「是我，不要怕！」
zh,CUV,不要怕 OR 不要惧怕 OR 不要害怕 OR 不要恐惧,Joshua 1:9,joshua,Joshua,约书亚记,OT,1,9,我岂没有吩咐你么？你当刚强壮胆！不要惧怕，也不要惊惶；因为你无论往那里去，耶和华你的神必与你同在。」
zh,CUV,不要怕 OR 不要惧怕 OR 不要害怕 OR 不要恐惧,Joshua 10:25,joshua,Joshua,约书亚记,OT,10,25,约书亚对他们说：「你们不要惧怕，也不要惊惶。应当刚强壮胆，因为耶和华必这样待你们所要攻打的一切仇敌。」
zh,CUV,不要怕 OR 不要惧怕 OR 不要害怕 OR 不要恐惧,Joshua 10:8,joshua,Joshua,约书亚记,OT,10,8,耶和华对约书亚说：「不要怕他们；因为我已将他们交在你手里，他们无一人能在你面前站立得住。」
zh,CUV,不要怕 OR 不要惧怕 OR 不要害怕 OR 不要恐惧,Joshua 8:1,joshua,Joshua,约书亚记,OT,8,1,耶和华对约书亚说：「不要惧怕，也不要惊惶。你起来，率领一切兵丁上艾城去，我已经把艾城的王和他的民、他的城，并他的地，都交在你手里。
zh,CUV,不要怕 OR 不要惧怕 OR 不要害怕 OR 不要恐惧,Judges 4:18,judges,Judges,士师记,OT,4,18,雅亿出来迎接西西拉，对他说：「请我主进来，不要惧怕。」西西拉就进了她的帐棚。雅亿用被将他遮盖。
zh,CUV,不要怕 OR 不要惧怕 OR 不要害怕 OR 不要恐惧,Judges 6:23,judges,Judges,士师记,OT,6,23,耶和华对他说：「你放心，不要惧怕，你必不至死。」
zh,CUV,不要怕 OR 不要惧怕 OR 不要害怕 OR 不要恐惧,Lamentations 3:57,lamentations,Lamentations,耶利米哀歌,OT,3,57,我求告你的日子，你临近我，说：不要惧怕！
zh,CUV,不要怕 OR 不要惧怕 OR 不要害怕 OR 不要恐惧,Luke 1:13,luke,Luke,路加福音,NT,1,13,天使对他说：「撒迦利亚，不要害怕，因为你的祈祷已经被听见了。你的妻子以利沙伯要给你生一个儿子，你要给他起名叫约翰。
zh,CUV,不要怕 OR 不要惧怕 OR 不要害怕 OR 不要恐惧,Luke 1:30,luke,Luke,路加福音,NT,1,30,天使对她说：「马利亚，不要怕！你在神面前已经蒙恩了。
zh,CUV,不要怕 OR 不要惧怕 OR 不要害怕 OR 不要恐惧,Luke 12:32,luke,Luke,路加福音,NT,12,32,你们这小群，不要惧怕，因为你们的父乐意把国赐给你们。
zh,CUV,不要怕 OR 不要惧怕 OR 不要害怕 OR 不要恐惧,Luke 12:4,luke,Luke,路加福音,NT,12,4,「我的朋友，我对你们说，那杀身体以后不能再作甚么的，不要怕他们。
zh,CUV,不要怕 OR 不要惧怕 OR 不要害怕 OR 不要恐惧,Luke 12:7,luke,Luke,路加福音,NT,12,7,就是你们的头发，也都被数过了。不要惧怕，你们比许多麻雀还贵重！」
zh,CUV,不要怕 OR 不要惧怕 OR 不要害怕 OR 不要恐惧,Luke 2:10,luke,Luke,路加福音,NT,2,10,那天使对他们说：「不要惧怕！我报给你们大喜的信息，是关乎万民的；
zh,CUV,不要怕 OR 不要惧怕 OR 不要害怕 OR 不要恐惧,Luke 5:10,luke,Luke,路加福音,NT,5,10,他的伙伴西庇太的儿子雅各、约翰，也是这样。耶稣对西门说：「不要怕！从今以后，你要得人了。」
zh,CUV,不要怕 OR 不要惧怕 OR 不要害怕 OR 不要恐惧,Luke 8:50,luke,Luke,路加福音,NT,8,50,耶稣听见就对他说：「不要怕，只要信！你的女儿就必得救。」
zh,CUV,不要怕 OR 不要惧怕 OR 不要害怕 OR 不要恐惧,Mark 5:36,mark,Mark,马可福音,NT,5,36,耶稣听见所说的话，就对管会堂的说：「不要怕，只要信！」
zh,CUV,不要怕 OR 不要惧怕 OR 不要害怕 OR 不要恐惧,Mark 6:50,mark,Mark,马可福音,NT,6,50,因为他们都看见了他，且甚惊慌。耶稣连忙对他们说：「你们放心！是我，不要怕！」
zh,CUV,不要怕 OR 不要惧怕 OR 不要害怕 OR 不要恐惧,Matthew 1:20,matthew,Matthew,马太福音,NT,1,20,正思念这事的时候，有主的使者向他梦中显现，说：「大卫的子孙约瑟，不要怕！只管娶过你的妻子马利亚来，因她所怀的孕是从圣灵来的。
zh,CUV,不要怕 OR 不要惧怕 OR 不要害怕 OR 不要恐惧,Matthew 10:26,matthew,Matthew,马太福音,NT,10,26,「所以，不要怕他们；因为掩盖的事没有不露出来的，隐藏的事没有不被人知道的。
zh,CUV,不要怕 OR 不要惧怕 OR 不要害怕 OR 不要恐惧,Matthew 10:28,matthew,Matthew,马太福音,NT,10,28,那杀身体不能杀灵魂的，不要怕他们；惟有能把身体和灵魂都灭在地狱里的，正要怕他。
zh,CUV,不要怕 OR 不要惧怕 OR 不要害怕 OR 不要恐惧,Matthew 10:31,matthew,Matthew,马太福音,NT,10,31,所以，不要惧怕，你们比许多麻雀还贵重！」
zh,CUV,不要怕 OR 不要惧怕 OR 不要害怕 OR 不要恐惧,Matthew 14:27,matthew,Matthew,马太福音,NT,14,27,耶稣连忙对他们说：「你们放心！是我，不要怕！」
zh,CUV,不要怕 OR 不要惧怕 OR 不要害怕 OR 不要恐惧,Matthew 17:7,matthew,Matthew,马太福音,NT,17,7,耶稣进前来，摸他们，说：「起来，不要害怕！」
zh,CUV,不要怕 OR 不要惧怕 OR 不要害怕 OR 不要恐惧,Matthew 28:10,matthew,Matthew,马太福音,NT,28,10,耶稣对她们说：「不要害怕！你们去告诉我的弟兄，叫他们往加利利去，在那里必见我。」
zh,CUV,不要怕 OR 不要惧怕 OR 不要害怕 OR 不要恐惧,Matthew 28:5,matthew,Matthew,马太福音,NT,28,5,天使对妇女说：「不要害怕！我知道你们是寻找那钉十字架的耶稣。
zh,CUV,不要怕 OR 不要惧怕 OR 不要害怕 OR 不要恐惧,Nehemiah 4:14,nehemiah,Nehemiah,尼希米记,OT,4,14,我察看了，就起来对贵胄、官长，和其余的人说：「不要怕他们！当记念主是大而可畏的。你们要为弟兄、儿女、妻子、家产争战。」
zh,CUV,不要怕 OR 不要惧怕 OR 不要害怕 OR 不要恐惧,Numbers 14:9,numbers,Numbers,民数记,OT,14,9,但你们不可背叛耶和华，也不要怕那地的居民；因为他们是我们的食物，并且荫庇他们的已经离开他们。有耶和华与我们同在，不要怕他们！」
zh,CUV,不要怕 OR 不要惧怕 OR 不要害怕 OR 不要恐惧,Numbers 21:34,numbers,Numbers,民数记,OT,21,34,耶和华对摩西说：「不要怕他！因我已将他和他的众民，并他的地，都交在你手中；你要待他像从前待住希实本的亚摩利王西宏一般。」
zh,CUV,不要怕 OR 不要惧怕 OR 不要害怕 OR 不要恐惧,Proverbs 3:25,proverbs,Proverbs,箴言,OT,3,25,忽然来的惊恐，不要害怕；恶人遭毁灭，也不要恐惧。
zh,CUV,不要怕 OR 不要惧怕 OR 不要害怕 OR 不要恐惧,Psalms 49:16,psalms,Psalms,诗篇,OT,49,16,见人发财、家室增荣的时候，你不要惧怕；
zh,CUV,不要怕 OR 不要惧怕 OR 不要害怕 OR 不要恐惧,Revelation 1:17,revelation,Revelation,启示录,NT,1,17,我一看见，就仆倒在他脚前，像死了一样。他用右手按着我，说：「不要惧怕！我是首先的，我是末后的，
zh,CUV,不要怕 OR 不要惧怕 OR 不要害怕 OR 不要恐惧,Ruth 3:11,ruth,Ruth,路得记,OT,3,11,女儿啊，现在不要惧怕，凡你所说的，我必照着行；我本城的人都知道你是个贤德的女子。
zh,CUV,不要怕 OR 不要惧怕 OR 不要害怕 OR 不要恐惧,Zechariah 8:13,zechariah,Zechariah,撒迦利亚书,OT,8,13,犹大家和以色列家啊，你们从前在列国中怎样成为可咒诅的；照样，我要拯救你们，使人称你们为有福的〔或作：使你们叫人得福〕。你们不要惧怕，手要强壮。」
zh,CUV,不要怕 OR 不要惧怕 OR 不要害怕 OR 不要恐惧,Zechariah 8:15,zechariah,Zechariah,撒迦利亚书,OT,8,15,现在我照样定意施恩与耶路撒冷和犹大家，你们不要惧怕。
zh,CUV,不要怕 OR 不要惧怕 OR 不要害怕 OR 不要恐惧,Zephaniah 3:16,zephaniah,Zephaniah,西番雅书,OT,3,16,当那日，必有话向耶路撒冷说：不要惧怕！锡安哪；不要手软！
